ActCost,Act Gate Count,sim Cost 0,sim Gate Count 0,sim Runtime 0,sim Transpile Time 0,sim Cost 1,sim Gate Count 1,sim Runtime 1,sim Transpile Time 1,sim Cost 2,sim Gate Count 2,sim Runtime 2,sim Transpile Time 2,sim Cost 3,sim Gate Count 3,sim Runtime 3,sim Transpile Time 3,Cost 0,Gate Count 0,Runtime 0,Transpile Time 0,Cost 1,Gate Count 1,Runtime 1,Transpile Time 1,Cost 2,Gate Count 2,Runtime 2,Transpile Time 2,Cost 3,Gate Count 3,Runtime 3,Transpile Time 3
45,20,108.0,56.0,0.1074763179219221,0.0122181018193562,51.0,23.0,0.1038476475199047,0.012316346168518,51.0,23.0,0.0994559114364188,0.0178517977396647,51.0,23.0,0.0952098790819751,0.0297228097915649,108.0,56.0,5.1256103515625,0.0120661258697509,51.0,23.0,4.361091613769531,0.0141499042510986,51.0,23.0,5.137125730514526,0.0667831897735595,51.0,23.0,4.34557843208313,0.0858528614044189
29,20,50.0,50.0,0.1054624023869862,0.0070822079976399,9.0,9.0,0.1033951235782316,0.0097168684005737,9.0,9.0,0.0989045497838128,0.0109546105066935,9.0,9.0,0.0945059344273514,0.0161909341812133,50.0,50.0,4.556473731994629,0.0081653594970703,9.0,9.0,4.299564838409424,0.0076024532318115,9.0,9.0,4.642309665679932,0.0126423835754394,9.0,9.0,4.527732610702515,0.0141193866729736
14,13,23.0,23.0,0.1070074030645287,0.0057920138041178,6.0,6.0,0.1035502085695508,0.0088524977366129,6.0,6.0,0.09905869076905,0.0100491921106974,6.0,6.0,0.0946288097118313,0.0139260053634643,23.0,23.0,4.413851261138916,0.0040318965911865,6.0,6.0,4.484318971633911,0.0085642337799072,6.0,6.0,4.61536717414856,0.0102057456970214,6.0,6.0,4.534593105316162,0.0120787620544433
6,2,21.0,5.0,0.1087698208647936,0.0067330996195475,6.0,2.0,0.104103678822623,0.0152634302775065,6.0,2.0,0.0993212620296563,0.0038111130396525,6.0,2.0,0.0948791374054632,0.0071555455525716,21.0,5.0,4.6770994663238525,0.0081188678741455,6.0,2.0,4.389695644378662,0.0041034221649169,6.0,2.0,4.251474857330322,0.0055086612701416,6.0,2.0,4.348327398300171,0.0039987564086914
99,59,276.0,148.0,0.1055030925959081,0.0170057773590087,193.06666666666663,50.4,0.107544919016009,0.0272374788920084,218.33333333333331,55.93333333333333,0.1036771757019257,0.0325328270594279,131.63333333333333,56.7,0.0972012627253329,0.1136393944422404,276.0,148.0,4.51317024230957,0.0157506465911865,206.0,54.0,4.7812817096710205,0.0248229503631591,281.0,69.0,4.478465795516968,0.0328974723815918,122.0,54.0,4.653316497802734,0.113816499710083
53,53,113.0,113.0,0.1017927937487009,0.0072833855946858,6.0,6.0,0.1035731087132169,0.0098482529322306,6.0,6.0,0.0990918824980922,0.0114924510320027,6.0,6.0,0.0946527461603347,0.0149668216705322,113.0,113.0,4.281149625778198,0.0055067539215087,6.0,6.0,4.409615755081177,0.0121650695800781,6.0,6.0,4.664091110229492,0.0121614933013916,6.0,6.0,4.298675775527954,0.0136528015136718
68,13,278.5,63.7,0.1140890654741303,0.0135644356409708,242.5,54.1,0.1091598780366931,0.0209611256917317,229.16666666666663,51.43333333333333,0.1046025022820465,0.0325623591740926,123.0,30.2,0.0983703966484716,0.0637220621109008,310.0,70.0,4.627923011779785,0.0142173767089843,227.0,51.0,4.5690598487854,0.0169084072113037,222.0,50.0,4.469922780990601,0.0239882469177246,112.0,28.0,4.927080392837524,0.0604286193847656
40,25,86.0,70.0,0.1050979086211558,0.0119060118993123,15.0,11.0,0.1034771172434939,0.0108425299326578,15.0,11.0,0.0989882444877206,0.0121542374293009,15.0,11.0,0.0946264110077299,0.0189899285634358,86.0,70.0,4.638155937194824,0.0121338367462158,15.0,11.0,4.493491888046265,0.0116963386535644,15.0,11.0,4.546896934509277,0.0164048671722412,15.0,11.0,4.514638662338257,0.0202267169952392
33,20,58.0,58.0,0.1049745617121426,0.0061572869618733,18.0,18.0,0.1029191721837632,0.0118448734283447,18.0,18.0,0.0984236754844428,0.0128685553868611,18.0,18.0,0.094003995541543,0.0171889384587605,58.0,58.0,4.5511884689331055,0.0873012542724609,18.0,18.0,4.6892499923706055,0.0090789794921875,18.0,18.0,4.619406461715698,0.0115668773651123,18.0,18.0,4.678617715835571,0.0160727500915527
57,51,123.0,123.0,0.1012424909674667,0.0087143580118815,12.0,12.0,0.1032789557631033,0.0122734546661376,12.0,12.0,0.0987809437856222,0.0131877660751342,12.0,12.0,0.0943651180925299,0.0176757415135701,123.0,123.0,4.5313146114349365,0.0080845355987548,12.0,12.0,4.51990818977356,0.0120868682861328,12.0,12.0,4.654640197753906,0.0120680332183837,12.0,12.0,4.657557964324951,0.0167415142059326
45,5,136.0,28.0,0.1114298147836397,0.0079579671223958,136.0,28.0,0.1069968098247846,0.0116989453633626,136.0,28.0,0.1025815565667453,0.0162118117014567,88.5,18.5,0.0974663535694125,0.0375571091969807,136.0,28.0,4.503302097320557,0.0060751438140869,136.0,28.0,4.619671821594238,0.0086288452148437,136.0,28.0,4.6612184047698975,0.0116832256317138,91.0,19.0,4.8228044509887695,0.0382852554321289
69,56,179.0,125.4,0.1036347653717284,0.0181682030359903,28.0,20.0,0.103175727646975,0.0130493879318237,28.0,20.0,0.0987450197391242,0.0168902476628621,36.0,28.0,0.0943457761215078,0.0423868576685587,167.0,123.0,4.808166980743408,0.0123970508575439,28.0,20.0,4.48238468170166,0.0157253742218017,28.0,20.0,4.431771516799927,0.0161714553833007,36.0,28.0,4.575158596038818,0.0428187847137451
27,13,78.5,39.7,0.1078539520124688,0.0120906194051106,45.0,21.0,0.1040646700200243,0.0241926511128743,45.0,21.0,0.0996505192294944,0.0287534554799397,45.0,23.133333333333333,0.0955148644580373,0.0548401355743408,75.0,39.0,4.359004735946655,0.0122220516204833,45.0,21.0,4.637804746627808,0.0259556770324707,45.0,21.0,4.6926000118255615,0.0257818698883056,45.0,21.0,4.366926431655884,0.0575554370880126
7,6,16.0,16.0,0.1074306926527264,0.0064460436503092,7.0,7.0,0.1034942345046692,0.0089545567830403,7.0,7.0,0.0990078772098264,0.0103756427764892,7.0,7.0,0.0945573669238627,0.0133554458618164,16.0,16.0,4.650910377502441,0.0080444812774658,7.0,7.0,4.59260368347168,0.0089881420135498,7.0,7.0,4.42690372467041,0.0102772712707519,7.0,7.0,6.46556830406189,0.0121545791625976
89,30,266.5,102.9,0.10962549694864,0.0150341987609863,212.5,58.5,0.1074864783074301,0.0239548683166503,213.0,58.6,0.1031100008081965,0.0296562433242797,128.83333333333334,49.23333333333333,0.0972639258702409,0.0886655966440836,267.0,103.0,4.55655312538147,0.0132472515106201,210.0,58.0,4.586426496505737,0.0246987342834472,195.0,55.0,4.930268526077271,0.0289728641510009,142.0,50.0,4.427080392837524,0.0851364135742187
61,54,136.0,136.0,0.1004650301125636,0.0078757842381795,15.0,15.0,0.1031005657929832,0.0121244668960571,15.0,15.0,0.0986233864670484,0.0139446338017781,15.0,15.0,0.0942602571490865,0.0207239786783854,136.0,136.0,4.792242050170898,0.0085687637329101,15.0,15.0,4.493150949478149,0.0122439861297607,15.0,15.0,4.508036375045776,0.0125403404235839,15.0,15.0,4.730573415756226,0.016491413116455
85,73,230.0,206.0,0.0976294640652139,0.0170256932576497,28.0,16.0,0.1036111052065902,0.0143253564834594,28.0,16.0,0.0991715625715393,0.0177820603052775,35.0,23.0,0.0948506112233873,0.0441470623016357,230.0,206.0,4.40059757232666,0.0194067955017089,28.0,16.0,4.603749752044678,0.0121970176696777,28.0,16.0,4.476478338241577,0.014697790145874,35.0,23.0,4.452511548995972,0.0403857231140136
7,3,52.0,12.0,0.1094382422035922,0.0084802071253458,7.0,3.0,0.1038622151475892,0.0072999397913614,7.0,3.0,0.0992945834069525,0.0051870107650756,7.0,3.0,0.0948628108649436,0.0089815775553385,52.0,12.0,4.455579280853272,0.008026123046875,7.0,3.0,4.457250595092773,0.0036842823028564,7.0,3.0,4.411695718765259,0.0081453323364257,7.0,3.0,4.516897916793823,0.0082037448883056
35,16,140.0,60.0,0.1084597900527573,0.0125450213750203,21.0,13.0,0.1035044453716652,0.0095911979675292,21.0,13.0,0.0990200530350773,0.0110977252324422,21.0,13.0,0.0947257886409451,0.0208714882532755,140.0,60.0,4.643017292022705,0.012139081954956,21.0,13.0,4.508815765380859,0.0084714889526367,21.0,13.0,4.440663576126099,0.0127670764923095,21.0,13.0,4.499029159545898,0.024169921875
72,21,285.0,75.4,0.1133091638556123,0.0190879821777343,220.0,52.8,0.1083290053370236,0.0213470776875813,222.5,53.3,0.1040205565927565,0.0280162811279296,91.06666666666666,28.4,0.0973555538584329,0.0716163078943888,278.0,74.0,4.785718679428101,0.0141029357910156,236.0,56.0,4.630796194076538,0.0216209888458251,191.0,47.0,4.716084003448486,0.0242865085601806,114.0,42.0,4.697330474853516,0.1086905002593994
46,45,111.0,111.0,0.1019174087403243,0.0076300541559855,9.0,9.0,0.1034501446026081,0.0121093193689982,9.0,9.0,0.0989613105940351,0.0134227116902669,9.0,9.0,0.0945258532298349,0.0170570532480875,111.0,111.0,4.425281763076782,0.0081715583801269,9.0,9.0,4.473140001296997,0.0109984874725341,9.0,9.0,4.492959976196289,0.0104985237121582,9.0,9.0,4.74232816696167,0.0128414630889892
69,17,232.0,61.6,0.1122991952009104,0.013788890838623,187.0,43.8,0.107842952240153,0.0224578936894734,173.0,41.0,0.1031050124598699,0.0268711646397908,148.8,49.333333333333336,0.0981472170239325,0.0900196313858032,209.0,57.0,5.079513788223267,0.0120728015899658,183.0,43.0,4.59762167930603,0.0200297832489013,173.0,41.0,4.564319133758545,0.024935245513916,151.0,43.0,4.983656644821167,0.0886933803558349
27,9,63.0,23.0,0.1088319794307521,0.0100138505299886,29.0,13.0,0.1038553813130255,0.009827709197998,29.0,13.0,0.0994208551610204,0.0135025421778361,29.0,13.0,0.0950859842493197,0.021510632832845,63.0,23.0,4.558896780014038,0.0121097564697265,29.0,13.0,4.86030125617981,0.0082013607025146,29.0,13.0,4.577176094055176,0.0104987621307373,29.0,13.0,4.729844570159912,0.0232520103454589
57,48,126.0,126.0,0.1010413156331227,0.0075746059417724,5.0,5.0,0.1036722442348768,0.0116229613622029,5.0,5.0,0.0991707592654173,0.0123862584431966,5.0,5.0,0.0947394332300604,0.0162002404530843,126.0,126.0,4.503329753875732,0.0081498622894287,5.0,5.0,4.367722988128662,0.0105409622192382,5.0,5.0,4.50145149230957,0.011063814163208,5.0,5.0,4.589915752410889,0.0121552944183349
15,14,36.0,36.0,0.1062464234774742,0.0056700865427652,10.0,10.0,0.1033773705193248,0.0114808718363444,10.0,10.0,0.0988732745003228,0.0121306339899698,10.0,10.0,0.0944077392563771,0.0144571145375569,36.0,36.0,4.574395179748535,0.0071551799774169,10.0,10.0,4.5726401805877686,0.0086534023284912,10.0,10.0,4.537436723709106,0.0112960338592529,10.0,10.0,4.545814037322998,0.0167627334594726
29,16,50.0,46.0,0.1058573200104226,0.0065988779067993,15.0,11.0,0.1034400931970217,0.0092326323191324,15.0,11.0,0.0989763938758433,0.0116389433542887,15.0,11.0,0.0945886584407847,0.0173483530680338,50.0,46.0,4.621304035186768,0.0081214904785156,15.0,11.0,4.769220352172852,0.0101768970489501,15.0,11.0,4.600604295730591,0.0143923759460449,15.0,11.0,4.507465839385986,0.0155897140502929
48,39,93.0,89.0,0.1033656592706519,0.0073011477788289,17.0,13.0,0.1033678377357642,0.0111626863479614,17.0,13.0,0.0989444093667783,0.015320078531901,20.0,16.0,0.0944590808298732,0.0243937492370605,93.0,89.0,4.78199577331543,0.0081918239593505,17.0,13.0,4.616461753845215,0.0081467628479003,17.0,13.0,4.628089189529419,0.0117077827453613,20.0,16.0,4.731407403945923,0.0231873989105224
68,57,147.0,147.0,0.0998968945847843,0.0110672950744628,13.0,13.0,0.1032263472215504,0.0125218550364176,13.0,13.0,0.0987614449094657,0.014875857035319,13.0,13.0,0.0943057333601759,0.0176294962565104,147.0,147.0,4.629553079605103,0.0082054138183593,13.0,13.0,4.6662681102752686,0.0116441249847412,13.0,13.0,4.498554229736328,0.0117747783660888,13.0,13.0,4.732738256454468,0.0185203552246093
29,13,155.0,47.8,0.1103083441264687,0.0109077612559,108.06666666666666,26.73333333333333,0.1060166283572638,0.0159428675969441,107.93333333333334,26.6,0.1015935112801317,0.0197756687800089,43.46666666666667,15.733333333333333,0.0960143824729997,0.0467774788538614,161.0,49.0,4.628500699996948,0.0121006965637207,91.0,23.0,4.677070617675781,0.0141501426696777,101.0,25.0,4.711554050445557,0.0162639617919921,56.0,16.0,4.672184944152832,0.0444729328155517
9,4,44.0,16.0,0.1086979601937619,0.0089692910512288,10.0,6.0,0.1037000450844857,0.0078562339146931,10.0,6.0,0.099207676856047,0.009015949567159,10.0,6.0,0.0947868589882942,0.0132868528366088,44.0,16.0,4.547642707824707,0.008183479309082,10.0,6.0,4.535034894943237,0.0060541629791259,10.0,6.0,4.73438572883606,0.0104825496673583,10.0,6.0,4.603827476501465,0.0121629238128662
88,14,236.0,57.6,0.1128702003846915,0.0134507576624552,239.0,55.8,0.1088845925949004,0.0230671326319376,232.0,54.4,0.1044191102522127,0.0323617219924926,155.16666666666666,49.16666666666666,0.0981680192856311,0.0782326777776082,253.0,61.0,4.771662473678589,0.0127198696136474,235.0,55.0,5.010670185089111,0.0156898498535156,180.0,44.0,4.775839805603027,0.0328662395477294,163.0,51.0,4.706667184829712,0.0733492374420166
22,20,40.0,40.0,0.1060387169679455,0.0067822933197021,4.0,4.0,0.103681008126092,0.0094680865605672,4.0,4.0,0.099185213511977,0.0104788144429524,4.0,4.0,0.0947236176885715,0.012976590792338,40.0,40.0,4.904542684555054,0.0040094852447509,4.0,4.0,4.965917348861694,0.0133516788482666,4.0,4.0,4.875790119171143,0.0081772804260253,4.0,4.0,4.545441389083862,0.011998176574707
88,24,365.0,99.4,0.1142521901586617,0.0157945315043131,338.5,89.3,0.1098052795540877,0.0241150220235188,337.4,89.4,0.1054348978687945,0.0330860694249471,175.33333333333334,55.86666666666667,0.0989612438887437,0.1044261137644449,363.0,99.0,4.711902618408203,0.0153572559356689,345.0,93.0,4.690208911895752,0.0242741107940673,304.0,80.0,5.093837261199951,0.0285205841064453,167.0,55.0,4.790925741195679,0.1029748916625976
72,49,199.0,143.0,0.1026674965682008,0.0162347634633382,29.0,21.0,0.1031749979511809,0.015553609530131,29.0,21.0,0.0986716430637689,0.016235597928365,35.0,27.0,0.0941764803609913,0.0324895064036051,199.0,143.0,4.702050685882568,0.0201070308685302,29.0,21.0,4.6323630809783936,0.0123217105865478,29.0,21.0,4.869702577590942,0.0135679244995117,35.0,27.0,4.780717134475708,0.0358519554138183
49,12,143.0,45.4,0.1100775551828642,0.0128138701121012,55.0,19.0,0.1043734043811877,0.0100107034047444,55.0,19.0,0.0999254521415208,0.0131017367045084,57.0,25.0,0.0952938559824736,0.0309347073237101,141.0,45.0,4.7044596672058105,0.0129354000091552,55.0,19.0,4.599255084991455,0.0076591968536376,55.0,19.0,4.84717321395874,0.0164296627044677,57.0,25.0,4.758452653884888,0.0346391201019287
74,73,187.0,187.0,0.0975172920809062,0.0090342839558919,11.0,11.0,0.1033536743344226,0.0129864533742268,11.0,11.0,0.0988811916443614,0.0150108416875203,11.0,11.0,0.094446734031036,0.0186886548995971,187.0,187.0,5.50707745552063,0.0096786022186279,11.0,11.0,4.882408857345581,0.0121428966522216,11.0,11.0,5.146943807601929,0.0142691135406494,11.0,11.0,4.989623546600342,0.0221939086914062
53,28,127.0,71.8,0.1067115510102354,0.0130229314168294,31.0,15.0,0.1037620353120161,0.0108406941095987,31.0,15.0,0.0993279536561951,0.014534854888916,31.0,15.0,0.0951447692605814,0.0291386524836222,123.0,71.0,4.836716175079346,0.0120656490325927,31.0,15.0,4.676011800765991,0.0122010707855224,31.0,15.0,4.987234592437744,0.0158393383026123,31.0,15.0,5.2272655963897705,0.0324914455413818
50,25,162.0,82.8,0.1071646607876042,0.0155515591303507,137.8,39.8,0.1060673554528942,0.0199869950612386,137.4,39.4,0.1017206532247354,0.0264662504196167,64.5,23.3,0.096361251530796,0.0557600895563761,183.0,87.0,5.112746000289917,0.0141773223876953,149.0,41.0,5.379998207092285,0.0165038108825683,149.0,41.0,4.7206456661224365,0.0234248638153076,58.0,22.0,4.788928985595703,0.0536661148071289
12,8,69.0,29.0,0.1084786916733206,0.0098677237828572,13.0,9.0,0.1035175009392957,0.0075266122817993,13.0,9.0,0.0990600704399187,0.0102055072784423,13.0,9.0,0.0946681274610049,0.0157319625218709,69.0,29.0,4.836587429046631,0.01202392578125,13.0,9.0,4.943383455276489,0.0095355510711669,13.0,9.0,4.76811957359314,0.0080475807189941,13.0,9.0,4.660325288772583,0.012169599533081
48,43,178.0,138.0,0.1022298310886412,0.0145703395207722,16.0,12.0,0.1034704416801572,0.0130882104237874,15.0,11.0,0.0990742205041731,0.0158926884333292,24.0,20.0,0.0943116249373681,0.0281258026758829,178.0,138.0,4.633153438568115,0.0127022266387939,16.0,12.0,4.622204303741455,0.0120632648468017,15.0,11.0,4.694179534912109,0.0160701274871826,24.0,20.0,4.933538436889648,0.0229392051696777
79,63,215.0,175.0,0.1001352221551523,0.0173217058181762,32.0,16.0,0.1038957560251344,0.0191911538441975,32.0,16.0,0.0993687317159151,0.018843936920166,48.0,32.0,0.0945677447990631,0.0471593538920084,215.0,175.0,5.305960655212402,0.0162749290466308,32.0,16.0,4.74792218208313,0.0135755538940429,32.0,16.0,5.255277633666992,0.0160086154937744,48.0,32.0,4.692641258239746,0.0469565391540527
51,42,110.0,78.0,0.1053589113053241,0.0134965499242146,20.0,12.0,0.103614348594063,0.0118341128031412,18.0,10.0,0.0992641151231713,0.014102300008138,27.0,19.0,0.0946078610647241,0.030959407488505,110.0,78.0,5.231534242630005,0.0126969814300537,20.0,12.0,4.841890811920166,0.010190725326538,18.0,10.0,5.247095584869385,0.0161967277526855,27.0,19.0,4.60587477684021,0.0307972431182861
4,3,9.0,9.0,0.1077917310255321,0.0043932358423868,5.0,5.0,0.1035661902234342,0.0070114692052205,5.0,5.0,0.0991090510591384,0.0097030321756998,5.0,5.0,0.0946501255026946,0.0123169183731079,9.0,9.0,5.278244256973267,0.0049312114715576,5.0,5.0,5.004416227340698,0.0079891681671142,5.0,5.0,5.120835542678833,0.0081679821014404,5.0,5.0,5.539548635482788,0.0102639198303222
32,30,62.0,62.0,0.1047400750385967,0.0061050256093343,11.0,11.0,0.1032974989359099,0.0105438073476155,11.0,11.0,0.0988722348269266,0.0146213769912719,11.0,11.0,0.0943729350533461,0.0154796918233235,62.0,62.0,4.6313982009887695,0.0080561637878417,11.0,11.0,4.924925327301025,0.0122337341308593,11.0,11.0,4.748094797134399,0.0101478099822998,11.0,11.0,4.958623647689819,0.0156595706939697
74,10,311.5,62.3,0.1156433244544937,0.0129980087280273,287.1666666666667,57.43333333333333,0.1106581027375524,0.0169417063395182,290.8333333333333,58.16666666666666,0.1063865414363206,0.0240538994471232,127.56666666666666,46.1,0.0971343887408766,0.0715816418329874,390.0,78.0,5.339447498321533,0.0120904445648193,275.0,55.0,5.643774747848511,0.0195236206054687,365.0,73.0,5.164212226867676,0.0237178802490234,116.0,44.0,5.345242500305176,0.0742232799530029
39,14,69.0,37.0,0.1076985700936765,0.0112567583719889,53.0,21.0,0.1044320616414595,0.0251446962356567,53.0,21.0,0.0999532664476118,0.0268946011861165,51.66666666666666,23.933333333333334,0.0958205083468618,0.0591421445210774,69.0,37.0,5.291972398757935,0.0131089687347412,53.0,21.0,4.704239368438721,0.0204443931579589,53.0,21.0,4.942378997802734,0.0279514789581298,53.0,29.0,5.138615131378174,0.059324026107788
57,27,123.5,86.3,0.1051002222553981,0.0135315100351969,22.0,14.0,0.1034951730148314,0.0117239634195963,22.0,14.0,0.0989991850302548,0.0127262830734252,29.0,21.0,0.0944186225055415,0.0278027455012003,132.0,88.0,4.706976890563965,0.0119147300720214,22.0,14.0,4.703172922134399,0.0115687847137451,22.0,14.0,4.7126853466033936,0.0100672245025634,29.0,21.0,4.762417316436768,0.02791428565979
56,7,141.0,30.6,0.1114689313002204,0.0117454051971435,147.66666666666666,31.933333333333334,0.1071767328243008,0.0149748961130778,142.16666666666666,30.83333333333333,0.1026497736184965,0.020103645324707,102.2,23.53333333333333,0.0977589308283863,0.0467684030532836,133.0,29.0,5.208470344543457,0.010223388671875,163.0,35.0,4.871306896209717,0.019683837890625,108.0,24.0,4.670592784881592,0.0198476314544677,88.0,20.0,5.165793657302856,0.0360307693481445
96,74,312.0,172.0,0.1046869246001247,0.0198449929555257,186.0,58.0,0.106581516773425,0.0321618477503458,186.0,58.0,0.1021691803388245,0.036801544825236,92.46666666666668,51.8,0.0960124986180535,0.1138715744018554,312.0,172.0,4.9320361614227295,0.0200254917144775,186.0,58.0,4.962483406066895,0.028860330581665,186.0,58.0,4.945528984069824,0.0372252464294433,101.0,57.0,5.065185070037842,0.1136136054992675
56,24,127.0,79.0,0.1059469973865186,0.0115578333536783,27.0,15.0,0.1035680194952166,0.0099159320195515,27.0,15.0,0.0991094421152657,0.0125449577967325,35.0,23.0,0.0945410815900769,0.03068794409434,127.0,79.0,4.8625264167785645,0.0101940631866455,27.0,15.0,4.68531060218811,0.0081169605255126,27.0,15.0,4.726345062255859,0.0122373104095458,35.0,23.0,4.684950590133667,0.0260388851165771
24,24,44.0,44.0,0.1057768080600308,0.0055376450220743,9.0,9.0,0.1033702972235108,0.0086373567581176,9.0,9.0,0.0988783296265013,0.0098144928614298,9.0,9.0,0.0944296828615466,0.0128753264745076,44.0,44.0,4.753074407577515,0.0051095485687255,9.0,9.0,5.09806227684021,0.0091388225555419,9.0,9.0,4.964742422103882,0.0081944465637207,9.0,9.0,4.922794818878174,0.0121634006500244
76,66,211.0,171.0,0.1003597328867885,0.0169401884078979,22.0,18.0,0.1031431944173115,0.0140743891398111,22.0,18.0,0.0986864891485508,0.0167848189671834,22.0,18.0,0.0944926679153851,0.0309261004130045,211.0,171.0,4.706658124923706,0.0200376510620117,22.0,18.0,4.791495323181152,0.0121502876281738,22.0,18.0,4.754266500473023,0.0141875743865966,22.0,18.0,4.887672662734985,0.0283944606781005
35,35,91.0,91.0,0.1030425244657377,0.0058338721593221,7.0,7.0,0.1035120010098398,0.0097270886103312,7.0,7.0,0.0990386079433423,0.0117118914922078,7.0,7.0,0.0945728601381046,0.0140291293462117,91.0,91.0,4.984388828277588,0.0075583457946777,7.0,7.0,4.966968297958374,0.0086205005645751,7.0,7.0,4.643237352371216,0.0085663795471191,7.0,7.0,4.903483867645264,0.0147566795349121
73,33,178.5,89.3,0.1071844336723636,0.0141161918640136,120.3,44.7,0.1048725870399408,0.022526208559672,117.03333333333332,43.3,0.1005061518088841,0.0291168530782063,93.36666666666666,37.766666666666666,0.0967174968729105,0.0808957735697428,187.0,91.0,4.883054733276367,0.0142030715942382,129.0,45.0,4.939730167388916,0.0198457241058349,120.0,44.0,4.872770309448242,0.0274050235748291,98.0,38.0,4.866564512252808,0.0725846290588378
3,3,7.0,7.0,0.1079093863254626,0.0044372797012329,2.0,2.0,0.1037063151400547,0.005496597290039,2.0,2.0,0.0992437491744841,0.0079521894454956,2.0,2.0,0.0947767813807475,0.0102163791656494,7.0,7.0,4.715858221054077,0.0040230751037597,2.0,2.0,4.945310354232788,0.0071942806243896,2.0,2.0,4.740915060043335,0.0060751438140869,2.0,2.0,4.837332010269165,0.0075612068176269
36,16,84.0,40.0,0.1080619770919815,0.0121318658192952,36.0,16.0,0.1039537863493657,0.0142029285430908,36.0,16.0,0.0994257970155361,0.0138137499491373,36.0,16.0,0.095156185162033,0.0246594667434692,84.0,40.0,5.1474809646606445,0.0121893882751464,36.0,16.0,5.031118869781494,0.009204626083374,36.0,16.0,4.7089924812316895,0.0160698890686035,36.0,16.0,4.93437647819519,0.0242366790771484
48,11,207.5,49.5,0.1124148557759283,0.0114188353220621,200.33333333333331,48.06666666666667,0.1078348896970193,0.015901239713033,195.16666666666663,47.03333333333333,0.1033143058987837,0.0209755023320515,74.2,30.2,0.0962126954794687,0.0615404923756917,190.0,46.0,4.846755266189575,0.0143945217132568,180.0,44.0,5.101983070373535,0.0162463188171386,220.0,52.0,4.897690296173096,0.0162138938903808,67.0,27.0,4.857822418212891,0.0596504211425781
88,43,178.0,126.0,0.103453988947771,0.0148337761561075,108.8,42.4,0.1046391810618399,0.0238209644953409,108.5,41.7,0.1003728295291112,0.0322821299235026,68.66666666666667,39.46666666666667,0.0954277377987801,0.0787010431289672,178.0,126.0,4.9160685539245605,0.0122556686401367,106.0,42.0,4.984695911407471,0.0203349590301513,105.0,41.0,4.8277552127838135,0.0292818546295166,60.0,40.0,4.742953300476074,0.0770442485809326
24,11,92.5,26.5,0.1097642275305878,0.0106012105941772,23.0,11.0,0.1037618963613375,0.0082023779551188,23.0,11.0,0.0992997357792111,0.0106755971908569,23.0,11.0,0.0950006182982457,0.0202383359273274,100.0,28.0,5.151531934738159,0.0125865936279296,23.0,11.0,4.961308002471924,0.0081887245178222,23.0,11.0,4.914263010025024,0.0121927261352539,23.0,11.0,4.7988903522491455,0.0203065872192382
36,10,80.5,32.9,0.1085912349210208,0.010379687945048,62.833333333333336,14.966666666666669,0.1053303380559606,0.0191080252329508,59.66666666666666,14.333333333333334,0.1007358545768977,0.0189787149429321,64.63333333333334,23.166666666666668,0.0963293321456801,0.0535332600275675,101.0,37.0,5.0347325801849365,0.0082206726074218,83.0,19.0,4.881620407104492,0.0156750679016113,53.0,13.0,4.9043920040130615,0.0196232795715332,62.0,26.0,4.955922603607178,0.0650029182434082
77,77,177.0,177.0,0.0980588849667223,0.0072245836257934,6.0,6.0,0.103610767702018,0.0114857594172159,6.0,6.0,0.0991200990500664,0.0127193768819173,6.0,6.0,0.094682228393261,0.0162487824757893,177.0,177.0,4.9849693775177,0.0085477828979492,6.0,6.0,4.88357138633728,0.0125281810760498,6.0,6.0,4.969124794006348,0.0122144222259521,6.0,6.0,4.8019492626190186,0.0143103599548339
65,25,264.5,80.9,0.1117653842521842,0.0147332668304443,209.83333333333331,48.9,0.1082593699208222,0.0201970100402832,205.56666666666663,47.833333333333336,0.1038248895249373,0.0271780411402384,95.5,25.5,0.0977530748068957,0.0677761157353719,235.0,75.0,4.838683128356934,0.0124416351318359,163.0,39.0,4.99840521812439,0.0202898979187011,153.0,37.0,5.422430276870728,0.1011300086975097,88.0,24.0,5.112525939941406,0.0620126724243164
29,8,130.0,38.0,0.1102032096164636,0.0100277423858642,110.5,30.1,0.1057638248548476,0.015240732828776,111.5,30.3,0.1013560678108007,0.0190844376881917,54.0,18.8,0.0960803155912527,0.0433998107910156,130.0,38.0,5.272639036178589,0.0085687637329101,110.0,30.0,4.980880260467529,0.0143859386444091,110.0,30.0,5.05732536315918,0.0215699672698974,50.0,18.0,4.9845733642578125,0.0401837825775146
84,16,221.0,65.0,0.1114110194182146,0.0108325322469075,225.0,60.2,0.1077213434186764,0.0181973775227864,227.0,60.6,0.1033916207700857,0.0244390964508056,140.0,43.2,0.0977214302774896,0.0609592199325561,221.0,65.0,5.062857627868652,0.0121424198150634,229.0,61.0,5.42165994644165,0.0166130065917968,229.0,61.0,5.000578880310059,0.0925629138946533,139.0,43.0,4.990732192993164,0.0569586753845214
93,52,299.5,143.9,0.1070628107479383,0.0225992600123087,230.4333333333333,69.76666666666667,0.1072945245862755,0.0316607395807902,238.7333333333333,71.26666666666667,0.1031429929259741,0.0386752049128214,136.86666666666667,60.6,0.096928784964219,0.1091777483622233,285.0,141.0,4.99650502204895,0.0181937217712402,255.0,75.0,5.203853130340576,0.0316636562347412,176.0,56.0,4.940400838851929,0.0361640453338623,146.0,58.0,5.170565128326416,0.1016817092895507
27,12,59.0,35.0,0.1074347559273585,0.0097366174062093,27.0,15.0,0.1035901569404548,0.0108785231908162,27.0,15.0,0.0990944979415408,0.0118951479593912,27.0,15.0,0.0947170140652693,0.0180503209431966,59.0,35.0,5.103686094284058,0.0085763931274414,27.0,15.0,5.033259868621826,0.0081679821014404,27.0,15.0,4.912884950637817,0.0121552944183349,27.0,15.0,5.029037714004517,0.0200917720794677
8,3,28.0,12.0,0.1084019988076245,0.0084909359614054,10.0,6.0,0.1036924464295281,0.0075258255004882,10.0,6.0,0.0992508860157465,0.0108947912851969,10.0,6.0,0.0948270464146824,0.0150343020757039,28.0,12.0,5.052104949951172,0.0107820034027099,10.0,6.0,4.986342191696167,0.0084939002990722,10.0,6.0,5.075092077255249,0.0070860385894775,10.0,6.0,5.097336530685425,0.011810302734375
40,14,95.5,47.9,0.1077736343680157,0.0128676414489746,32.0,16.0,0.1036728223634807,0.0094974438349405,32.0,16.0,0.0992003923111256,0.0115241209665934,32.0,16.0,0.0948844305814637,0.0203544298807779,101.0,49.0,5.10050106048584,0.008188247680664,32.0,16.0,5.351653337478638,0.0084786415100097,32.0,16.0,5.008579969406128,0.0121681690216064,32.0,16.0,5.079765796661377,0.0212340354919433
35,35,95.0,95.0,0.1028128387896284,0.0059903701146443,8.0,8.0,0.1034492613548063,0.0095349629720052,8.0,8.0,0.0989938345608845,0.0123009840647379,8.0,8.0,0.0945451627564656,0.0153607288996378,95.0,95.0,4.928179264068604,0.0060896873474121,8.0,8.0,5.115781307220459,0.0123136043548583,8.0,8.0,5.19163990020752,0.0122053623199462,8.0,8.0,5.050832748413086,0.0120534896850585
3,3,11.0,11.0,0.1076740086490803,0.0043462753295898,5.0,5.0,0.1035674948343563,0.0070681969324747,5.0,5.0,0.0990646507885704,0.0077723979949951,5.0,5.0,0.0946221176738463,0.0110990683237711,11.0,11.0,4.932371616363525,0.0041406154632568,5.0,5.0,4.977432727813721,0.0081806182861328,5.0,5.0,5.099501609802246,0.0075759887695312,5.0,5.0,4.963741302490234,0.0080580711364746
100,22,455.0,107.0,0.1174113051322094,0.0176964521408081,439.0,101.4,0.1129676709543958,0.0263038953145345,420.1666666666667,97.63333333333334,0.1082232338065706,0.0352443695068359,216.66666666666663,75.6,0.0989648512564444,0.1140634775161743,450.0,106.0,5.210826635360718,0.0201997756958007,427.0,99.0,5.375076770782471,0.0326128005981445,417.0,97.0,5.3003246784210205,0.0332949161529541,209.0,77.0,4.962629079818726,0.1090624332427978
95,60,255.0,143.8,0.1050451137250076,0.0179891427357991,149.6,53.333333333333336,0.105373320795674,0.0273835023244222,144.5,52.36666666666667,0.100919257332681,0.0355192979176839,105.4,52.06666666666667,0.0963575284904654,0.1057640790939331,251.0,143.0,4.849755764007568,0.0163934230804443,134.0,50.0,5.079710245132446,0.0281102657318115,159.0,55.0,5.172159671783447,0.0370967388153076,115.0,55.0,5.259068727493286,0.096714973449707
93,73,294.0,214.0,0.0996217932261525,0.0187833309173584,41.0,21.0,0.1037053129544406,0.0160784403483072,41.0,21.0,0.0992385164160184,0.018350076675415,64.0,44.0,0.0946416674762278,0.0732935746510823,294.0,214.0,5.1406872272491455,0.0202894210815429,41.0,21.0,4.976296663284302,0.0160627365112304,41.0,21.0,4.994526624679565,0.0182762145996093,64.0,44.0,4.839348077774048,0.0685322284698486
69,43,151.0,115.0,0.1034348024762399,0.016150156656901,34.0,22.0,0.1032229879198261,0.0126647551854451,34.0,22.0,0.0987576911904858,0.0150016069412231,43.0,31.0,0.0942408837365475,0.037922199567159,151.0,115.0,4.979366779327393,0.0122451782226562,34.0,22.0,5.376109600067139,0.0120589733123779,34.0,22.0,4.9999611377716064,0.0155611038208007,43.0,31.0,5.152320623397827,0.0365481376647949
47,28,85.0,65.0,0.1055772244879551,0.0125565767288208,30.0,22.0,0.103041154076574,0.0122696955998738,29.0,21.0,0.0986584037668557,0.0156599203745524,33.0,25.0,0.0942709633730048,0.031525961558024,85.0,65.0,4.994829177856445,0.0126447677612304,30.0,22.0,5.115927696228027,0.0120503902435302,29.0,21.0,4.971796989440918,0.0152068138122558,33.0,25.0,4.939521551132202,0.031879186630249
100,12,293.0,60.2,0.1150378535237498,0.0121423959732055,256.5,52.9,0.1099003664250657,0.021572454770406,247.0,51.0,0.1054642677528961,0.0346325079600016,139.76666666666668,32.43333333333333,0.0991218332092899,0.0747681299845377,297.0,61.0,5.133986711502075,0.0122056007385253,252.0,52.0,5.161644220352173,0.0221047401428222,312.0,64.0,5.443457365036011,0.0280623435974121,132.0,28.0,5.038270950317383,0.0680961608886718
100,16,290.0,69.2,0.1141460871132731,0.0187243143717447,285.0,65.8,0.1098422964412779,0.022466230392456,275.0,63.8,0.1052560362378877,0.0294944445292154,201.06666666666663,59.73333333333333,0.0993682083251996,0.0908645947774251,299.0,71.0,5.101980686187744,0.0162198543548584,286.0,66.0,4.932523965835571,0.0157341957092285,276.0,64.0,5.171328783035278,0.0334713459014892,210.0,62.0,5.156315803527832,0.0911073684692382
4,4,12.0,12.0,0.1076236719362977,0.0046934604644775,2.0,2.0,0.1037473124194824,0.0072792609532674,2.0,2.0,0.0992358889759247,0.0076104084650675,2.0,2.0,0.0947730172364576,0.0100527048110961,12.0,12.0,5.097769975662232,0.0039968490600585,2.0,2.0,4.9490485191345215,0.0043170452117919,2.0,2.0,5.01884913444519,0.012620210647583,2.0,2.0,4.921871662139893,0.0115585327148437
42,41,83.0,83.0,0.1035420024600873,0.0072648127873738,10.0,10.0,0.1033355948232653,0.0096643606821695,10.0,10.0,0.0988891071181066,0.0128190755844116,10.0,10.0,0.0944364014011544,0.0157034158706665,83.0,83.0,4.851416349411011,0.0101401805877685,10.0,10.0,5.0217039585113525,0.0121717453002929,10.0,10.0,5.067583084106445,0.0125491619110107,10.0,10.0,5.280143976211548,0.0182204246520996
67,35,248.0,97.6,0.1093550708206794,0.0146229028701782,199.9333333333333,53.53333333333333,0.1074225062335546,0.0228498856226603,193.76666666666668,52.03333333333333,0.1030188419545736,0.0328261931737264,64.66666666666667,30.266666666666666,0.0961730028789015,0.0780112902323404,260.0,100.0,5.009489297866821,0.0127222537994384,176.0,48.0,5.238219261169434,0.0201728343963623,166.0,46.0,5.261415004730225,0.024491548538208,104.0,44.0,5.085913896560669,0.089385986328125
9,9,17.0,17.0,0.1073527260790679,0.0055918137232462,3.0,3.0,0.103691634624467,0.0073942025502522,3.0,3.0,0.0991762266162254,0.0075520912806193,3.0,3.0,0.0947356262922692,0.0109628041585286,17.0,17.0,5.210080862045288,0.0036344528198242,3.0,3.0,5.689499378204346,0.0080401897430419,3.0,3.0,5.30878496170044,0.0081596374511718,3.0,3.0,4.971164226531982,0.0081729888916015
74,60,201.0,161.0,0.1009864186453226,0.0188305377960205,21.0,17.0,0.1032118591041289,0.0145241498947143,21.0,17.0,0.098753106265158,0.017145546277364,21.0,17.0,0.0944704561615355,0.0274243275324503,201.0,161.0,4.967250108718872,0.0183053016662597,21.0,17.0,4.970819234848023,0.0126841068267822,21.0,17.0,4.918746948242188,0.0162689685821533,21.0,17.0,4.931440591812134,0.0241246223449707
15,9,29.0,29.0,0.1066475390664711,0.005359935760498,12.0,12.0,0.1031944068133474,0.0085970560709635,12.0,12.0,0.0987369481674193,0.0112747271855672,12.0,12.0,0.0942790706130807,0.0139341831207275,29.0,29.0,5.137064456939697,0.0040321350097656,12.0,12.0,5.114964962005615,0.0098659992218017,12.0,12.0,5.001285552978516,0.012192964553833,12.0,12.0,5.142235994338989,0.012221336364746
49,20,123.5,61.5,0.1075766406488709,0.0117492914199829,53.0,21.0,0.104108980540396,0.0110963265101114,53.0,21.0,0.0996768303959542,0.0148744742075602,52.0,28.0,0.0949218491871639,0.0373898347218831,116.0,60.0,4.930081844329834,0.0122220516204833,53.0,21.0,4.932296276092529,0.0122199058532714,53.0,21.0,5.18433403968811,0.0135951042175292,52.0,28.0,5.218778133392334,0.0381889343261718
38,4,125.0,25.0,0.1112570737970095,0.0078619639078776,50.0,10.0,0.1049432060588343,0.0044520139694213,50.0,10.0,0.1004788186093116,0.0068284034729003,50.0,10.0,0.0961188252557938,0.0137441078821818,125.0,25.0,5.248116970062256,0.0091066360473632,50.0,10.0,5.141549825668335,0.0030066967010498,50.0,10.0,5.0150465965271,0.0050678253173828,50.0,10.0,5.12590217590332,0.0120308399200439
23,18,74.0,46.0,0.1070348274739154,0.0127306620279947,12.0,8.0,0.1036428173227574,0.0104397296905517,12.0,8.0,0.0991928845894015,0.0134446461995442,12.0,8.0,0.0947690422467902,0.0175840377807617,74.0,46.0,5.289461135864258,0.012078046798706,12.0,8.0,4.856967926025391,0.0120868682861328,12.0,8.0,5.201256990432739,0.0120360851287841,12.0,8.0,5.107348203659058,0.0142164230346679
55,43,140.0,116.0,0.1028121714585669,0.014147146542867,25.0,13.0,0.1037525078669703,0.0128660440444946,25.0,13.0,0.0992533908632025,0.0137323061625162,33.0,21.0,0.0947522318737792,0.0347973823547363,140.0,116.0,5.106395244598389,0.0160918235778808,25.0,13.0,4.928535223007202,0.0121116638183593,25.0,13.0,5.144256114959717,0.0118224620819091,33.0,21.0,4.951520204544067,0.0346128940582275
86,19,241.0,72.2,0.1115978162730315,0.0131768782933553,213.66666666666663,59.266666666666666,0.1074076824579694,0.0217217048009236,218.16666666666663,60.16666666666666,0.103248300593095,0.0328824758529663,137.5,41.1,0.0979443602119322,0.0660784244537353,235.0,71.0,5.153576850891113,0.0159990787506103,193.0,53.0,5.360203981399536,0.037261962890625,193.0,53.0,5.116414785385132,0.0280165672302246,132.0,40.0,5.138127326965332,0.0649187564849853
20,8,54.0,22.0,0.1085338711719499,0.009538467725118,17.0,9.0,0.1037041083645124,0.0081292390823364,17.0,9.0,0.0992201064242442,0.0096527417500813,17.0,9.0,0.0948437822224335,0.0158583402633667,54.0,22.0,5.122863531112671,0.0085504055023193,17.0,9.0,5.125583171844482,0.0080611705780029,17.0,9.0,4.965297222137451,0.0081968307495117,17.0,9.0,4.94531512260437,0.0141007900238037
52,8,194.0,38.8,0.1129530557633349,0.0129445075988769,227.0,45.4,0.1092250156797748,0.0145003000895182,208.83333333333331,41.766666666666666,0.1044165612737917,0.0199937343597412,94.5,23.966666666666665,0.0975259998962393,0.0530123392740885,180.0,36.0,5.287352085113525,0.0122292041778564,240.0,48.0,5.233732461929321,0.0126848220825195,185.0,37.0,5.367063283920288,0.0198547840118408,90.0,18.0,5.18283748626709,0.0363128185272216
49,16,164.0,64.0,0.109070160467673,0.0116716066996256,122.0,34.0,0.1059081004146366,0.0171324968338012,122.0,34.0,0.1015169453563848,0.0226932128270467,75.6,30.8,0.0961931524400306,0.0607099771499633,164.0,64.0,5.06920599937439,0.0106115341186523,122.0,34.0,5.16866660118103,0.0200459957122802,122.0,34.0,5.035889863967896,0.0243442058563232,71.0,31.0,5.097957134246826,0.0604825019836425
89,80,235.0,191.0,0.0994406237744981,0.0201825221379597,25.0,17.0,0.1034090061333575,0.0155850648880004,25.0,17.0,0.0989279360036527,0.017236049969991,39.0,31.0,0.094217947957877,0.0444364229838053,235.0,191.0,5.405976057052612,0.0202250480651855,25.0,17.0,5.206295490264893,0.0207223892211914,25.0,17.0,4.859042406082153,0.0166244506835937,39.0,31.0,4.957309722900391,0.0435221195220947
95,14,326.0,72.4,0.1152568907525441,0.0135453303654988,294.0,63.6,0.1104464817669595,0.0221263408660888,283.1666666666667,61.43333333333333,0.105946635784616,0.0337413231531779,175.8,42.333333333333336,0.0998384439054802,0.0819587389628092,319.0,71.0,5.108626365661621,0.0120985507965087,301.0,65.0,5.177981615066528,0.0233135223388671,291.0,63.0,5.218367338180542,0.1071553230285644,166.0,38.0,5.351319074630737,0.0872390270233154
16,7,40.0,20.0,0.108127534024747,0.0093326012293497,16.0,8.0,0.1037698209533173,0.0084506352742513,16.0,8.0,0.0993227765313094,0.0115811427434285,7.0,7.0,0.0946165039244184,0.0159268697102864,40.0,20.0,5.420201301574707,0.0086174011230468,16.0,8.0,5.130041599273682,0.0086464881896972,16.0,8.0,5.255826711654663,0.011521577835083,7.0,7.0,4.909363508224487,0.0119121074676513
53,52,102.0,102.0,0.1024431914103412,0.0076688369115193,12.0,12.0,0.103262424416326,0.0115546305974324,12.0,12.0,0.0987611229477583,0.01232590675354,12.0,12.0,0.0943323933403588,0.0162527879079182,102.0,102.0,5.054030895233154,0.0081076622009277,12.0,12.0,5.059935092926025,0.0136964321136474,12.0,12.0,5.50859522819519,0.0125231742858886,12.0,12.0,5.178581476211548,0.0176734924316406
61,48,152.0,116.0,0.1034166115008621,0.0178951183954874,31.0,19.0,0.1034177696005866,0.0135264952977498,27.0,15.0,0.099232225047653,0.0178838650385538,48.0,36.0,0.0941545330140071,0.0468472083409627,152.0,116.0,4.983503341674805,0.0162217617034912,31.0,19.0,5.2018139362335205,0.0146853923797607,27.0,15.0,4.860896110534668,0.0157685279846191,48.0,36.0,4.8758392333984375,0.0440950393676757
40,5,109.5,24.3,0.110686634463338,0.0090753316879272,53.0,13.0,0.1048206564701604,0.006731104850769,53.0,13.0,0.1003337709705593,0.0081292231877644,53.0,13.0,0.0960064484521178,0.0164655367533365,113.0,25.0,5.025843381881714,0.0081963539123535,53.0,13.0,5.0579917430877686,0.0054759979248046,53.0,13.0,5.317252397537232,0.0039982795715332,53.0,13.0,5.152541399002075,0.0202493667602539
99,88,234.0,198.0,0.0987037702851354,0.020917010307312,29.0,17.0,0.1035758345749974,0.0153276522954305,29.0,17.0,0.0991649319695765,0.0200296958287556,36.0,24.0,0.0946643593844143,0.0385843197504679,234.0,198.0,5.146198749542236,0.0196917057037353,29.0,17.0,4.814876317977905,0.0158805847167968,29.0,17.0,4.972918510437012,0.0162534713745117,36.0,24.0,4.962138414382935,0.0552895069122314
69,9,187.0,37.4,0.1127428670870335,0.0107707897822062,143.0,28.6,0.1073197623467199,0.0152448495229085,147.5,29.5,0.1030127026560576,0.019984221458435,131.23333333333332,37.23333333333333,0.0981148258050856,0.0681919336318969,175.0,35.0,4.949166536331177,0.0123050212860107,120.0,24.0,5.172208070755005,0.0139305591583251,150.0,30.0,5.022427558898926,0.0326931476593017,104.0,32.0,5.117506742477417,0.0652048587799072
50,45,110.0,94.0,0.1037665913128504,0.01487983862559,18.0,14.0,0.1033252994453443,0.0118489662806193,18.0,14.0,0.0988706335221523,0.0146480719248453,18.0,14.0,0.0945027297083765,0.0212198098500569,110.0,94.0,5.335874795913696,0.0142538547515869,18.0,14.0,4.915109157562256,0.0126786231994628,18.0,14.0,4.80742073059082,0.0138115882873535,18.0,14.0,4.844230175018311,0.0198776721954345
36,12,128.0,44.0,0.1095391547015391,0.0113917430241902,116.0,35.2,0.1055539744231649,0.0182981093724568,108.5,33.7,0.1009872441375761,0.023687744140625,53.66666666666666,19.266666666666666,0.096238760850564,0.0529751539230346,138.0,46.0,5.229848623275757,0.0120432376861572,105.0,33.0,5.154738664627075,0.0208830833435058,100.0,32.0,5.319915533065796,0.0197844505310058,49.0,17.0,4.97311544418335,0.0490334033966064
86,20,199.0,66.2,0.1104640123008132,0.0162643114725748,200.0,47.2,0.1080016676571657,0.0199537992477417,196.16666666666663,46.43333333333333,0.1035108014404712,0.0249934355417887,136.0,34.4,0.0984806883114303,0.0626434485117594,218.0,70.0,5.390388250350952,0.0149173736572265,209.0,49.0,4.984544038772583,0.0200457572937011,194.0,46.0,5.059592723846436,0.0268106460571289,119.0,31.0,5.160639524459839,0.0688600540161132
65,60,142.0,138.0,0.100537019689365,0.0085664431254069,16.0,12.0,0.103503257451695,0.0145151217778523,16.0,12.0,0.0990084940248625,0.0155706882476806,23.0,19.0,0.094440181464067,0.0311798095703125,142.0,138.0,5.025292158126831,0.0060341358184814,16.0,12.0,4.884225606918335,0.0161614418029785,16.0,12.0,5.052131652832031,0.0160961151123046,23.0,19.0,5.261973142623901,0.0260746479034423
15,11,72.0,32.0,0.1082860586344767,0.0090994119644165,10.0,6.0,0.1037042782161147,0.0080403010050455,10.0,6.0,0.0992116696453725,0.0091895659764607,10.0,6.0,0.0948092548700474,0.0142606814702351,72.0,32.0,5.049309968948364,0.0085692405700683,10.0,6.0,4.936381578445435,0.0075390338897705,10.0,6.0,4.974058389663696,0.0081076622009277,10.0,6.0,4.7208287715911865,0.0156104564666748
67,59,188.0,131.2,0.1034583943083818,0.0191984415054321,24.0,16.0,0.1033821315560496,0.0118805408477783,24.0,16.0,0.0989183713725235,0.0142842054367065,39.0,31.0,0.094058555866492,0.0375056584676106,172.0,128.0,4.990018606185913,0.0205345153808593,24.0,16.0,5.151266574859619,0.0118434429168701,24.0,16.0,5.130917310714722,0.0119552612304687,39.0,31.0,5.176884174346924,0.0365073680877685
34,34,82.0,82.0,0.1035761686137027,0.0062144915262858,8.0,8.0,0.1034452923255565,0.0093623797098795,8.0,8.0,0.0989530030536769,0.0105255285898844,8.0,8.0,0.0945051772907203,0.0136220614115397,82.0,82.0,4.775349855422974,0.0045232772827148,8.0,8.0,5.015798807144165,0.0081338882446289,8.0,8.0,4.851111650466919,0.0075545310974121,8.0,8.0,4.790038347244263,0.0115625858306884
52,32,174.0,82.8,0.1076384189517524,0.0136171579360961,34.0,18.0,0.1036034917675337,0.0115546782811482,34.0,18.0,0.0991347381299584,0.0137412150700887,45.0,29.0,0.0945251708177996,0.0377002795537312,170.0,82.0,5.153885364532471,0.0122087001800537,34.0,18.0,5.337999105453491,0.0081055164337158,34.0,18.0,5.065107583999634,0.0130438804626464,45.0,29.0,5.3864405155181885,0.0324084758758544
65,36,136.0,84.0,0.1058707371974514,0.0134100755055745,53.0,25.0,0.1037734691374491,0.014162786801656,43.0,23.0,0.0991075033843361,0.0177252054214477,55.0,35.0,0.0946826400589727,0.0522516091664632,136.0,84.0,4.944623231887817,0.0117321014404296,53.0,25.0,5.060774326324463,0.0121111869812011,43.0,23.0,4.93787956237793,0.0160682201385498,55.0,35.0,4.938149452209473,0.0514016151428222
53,49,166.0,126.0,0.1029056499166748,0.0135252157847086,14.0,10.0,0.1035548206286223,0.0116853157679239,14.0,10.0,0.099073137671736,0.0133096536000569,19.0,15.0,0.0945791378292083,0.0270781755447387,166.0,126.0,5.15932297706604,0.0141518115997314,14.0,10.0,5.225752830505371,0.0143678188323974,14.0,10.0,5.110083103179932,0.0122029781341552,19.0,15.0,5.3304524421691895,0.0244131088256835
24,5,89.5,21.1,0.1101961477093315,0.0111811240514119,29.0,9.0,0.10419131436593,0.0067795832951863,29.0,9.0,0.0997131795194152,0.0085582017898559,29.0,9.0,0.0953223510708184,0.0141331195831298,104.0,24.0,5.376632213592529,0.0120444297790527,29.0,9.0,4.937677621841431,0.0065758228302001,29.0,9.0,4.916158199310303,0.008056640625,29.0,9.0,5.1402740478515625,0.0142490863800048
52,39,148.0,100.0,0.1047747905746542,0.0138423283894856,26.0,14.0,0.1036814145348835,0.0123106797536214,26.0,14.0,0.0992232577082713,0.0149579922358195,32.0,20.0,0.0948729526930737,0.0375106732050577,148.0,100.0,5.129115104675293,0.0126948356628417,26.0,14.0,5.095666408538818,0.0144085884094238,26.0,14.0,5.1472766399383545,0.0140578746795654,32.0,20.0,5.169146776199341,0.0398430824279785
57,49,141.0,137.0,0.1005846210691327,0.0081003189086914,18.0,14.0,0.1033384433364154,0.0124204953511556,18.0,14.0,0.0988861832122662,0.0153242111206054,23.0,19.0,0.0942938100768994,0.0248152176539103,141.0,137.0,5.117389440536499,0.0086841583251953,18.0,14.0,4.879006862640381,0.0112314224243164,18.0,14.0,5.055726528167725,0.0148670673370361,23.0,19.0,5.219814777374268,0.0209400653839111
90,67,241.0,171.4,0.1016118232256174,0.0168132623036702,120.6,43.0,0.1051520792620428,0.0266123453776041,121.73333333333332,43.333333333333336,0.1007705765183994,0.0319357792536417,81.93333333333334,46.73333333333333,0.0957339454193655,0.0991763273874918,254.0,174.0,5.469794511795044,0.0203132629394531,141.0,49.0,5.488146066665649,0.0242865085601806,141.0,49.0,5.244185447692871,0.0328490734100341,76.0,44.0,5.206076860427856,0.0913817882537841
97,11,322.5,69.3,0.1153887913466888,0.012170402208964,245.5,53.9,0.1093227638578065,0.0215273936589558,240.0,52.8,0.104891270442663,0.0308072328567504,155.0,35.8,0.099292471486815,0.0684414068857828,341.0,73.0,5.758711814880371,0.0121457576751708,206.0,46.0,5.062426805496216,0.0285415649414062,221.0,49.0,5.131318092346191,0.0279679298400878,116.0,28.0,5.0358967781066895,0.0772206783294677
38,37,83.0,83.0,0.1035264333963733,0.0065878311793009,10.0,10.0,0.1033655590201874,0.0109672784805297,10.0,10.0,0.0988727333189078,0.0121071020762125,10.0,10.0,0.0944417890896894,0.0159376859664917,83.0,83.0,5.188204050064087,0.0040280818939208,10.0,10.0,5.296170711517334,0.0120701789855957,10.0,10.0,5.169241428375244,0.0153050422668457,10.0,10.0,5.321263551712036,0.0118312835693359
44,16,91.0,44.6,0.1078610108635297,0.0105518102645874,38.0,18.0,0.103740746591341,0.0100113312403361,38.0,18.0,0.0993004675767154,0.0134360154469807,38.0,18.0,0.0950527467947431,0.0252336104710896,88.0,44.0,4.954299211502075,0.0121409893035888,38.0,18.0,5.04527759552002,0.0125854015350341,38.0,18.0,5.235257625579834,0.0122210979461669,38.0,18.0,5.2627246379852295,0.028541088104248
82,21,184.5,70.5,0.1093321028006709,0.0132548411687215,153.5,45.1,0.1062864159014752,0.0234228531519571,150.5,44.5,0.1019704933713941,0.0352402130762736,105.33333333333331,35.333333333333336,0.0970925564805502,0.0639919837315877,192.0,72.0,5.585698127746582,0.0121948719024658,153.0,45.0,5.353181838989258,0.0291831493377685,153.0,45.0,5.256710529327393,0.0287737846374511,93.0,33.0,5.197458744049072,0.0567340850830078
8,7,13.0,13.0,0.1075863806016572,0.0056078910827636,7.0,7.0,0.1034761527215719,0.0081683158874511,7.0,7.0,0.0990442961054491,0.0119592269261678,7.0,7.0,0.0945403618377313,0.0126160224278767,13.0,13.0,5.068958282470703,0.0080485343933105,7.0,7.0,5.129169464111328,0.008218765258789,7.0,7.0,5.144752740859985,0.0110554695129394,7.0,7.0,5.126999139785767,0.0120284557342529
29,13,125.0,41.8,0.1096285619201881,0.0112026055653889,14.0,6.0,0.1038937874776457,0.0087691068649292,14.0,6.0,0.099416580736239,0.0105880816777547,14.0,6.0,0.0951316842088502,0.020769182840983,116.0,40.0,5.459097862243652,0.0121753215789794,14.0,6.0,5.178051710128784,0.0082039833068847,14.0,6.0,5.490591049194336,0.0081982612609863,14.0,6.0,5.22454571723938,0.0212533473968505
68,13,251.5,55.1,0.1138660810082857,0.0166123708089192,236.16666666666663,52.03333333333333,0.1090398788200986,0.018514593442281,221.0,49.0,0.1043157579741914,0.0246897141138712,123.33333333333331,29.73333333333333,0.0982053576026322,0.0538600047429402,261.0,57.0,5.299766302108765,0.0203173160552978,251.0,55.0,5.363568305969238,0.0161848068237304,206.0,46.0,5.373531818389893,0.0236818790435791,126.0,30.0,5.160444259643555,0.0534534454345703
24,16,55.0,39.0,0.1068886089002455,0.0111556450525919,16.0,12.0,0.1034047924084099,0.0102336168289184,16.0,12.0,0.0989178255762421,0.0116281986236572,16.0,12.0,0.0945296463760786,0.017318312327067,55.0,39.0,5.244287729263306,0.012129783630371,16.0,12.0,5.267404317855835,0.0085926055908203,16.0,12.0,5.2745091915130615,0.0125594139099121,16.0,12.0,5.066559553146362,0.0161385536193847
33,3,109.0,21.8,0.1108869118990719,0.0076882521311442,45.0,9.0,0.1048360160340482,0.0047667026519775,45.0,9.0,0.1003476822664522,0.0061018466949462,45.0,9.0,0.095974010968471,0.0124228000640869,105.0,21.0,5.174254894256592,0.004150390625,45.0,9.0,5.151942729949951,0.0039942264556884,45.0,9.0,5.238209962844849,0.0044741630554199,45.0,9.0,5.239198207855225,0.0120742321014404
2,2,6.0,6.0,0.1079635792985206,0.0042577743530273,3.0,3.0,0.1036586819583397,0.0059613386789957,3.0,3.0,0.0992017003416223,0.0086597522099812,3.0,3.0,0.0947379606283154,0.0110643068949381,6.0,6.0,5.400293111801148,0.003997802734375,3.0,3.0,5.231733560562134,0.0035476684570312,3.0,3.0,5.241068840026856,0.0075030326843261,3.0,3.0,5.387119293212891,0.0099055767059326
21,10,28.0,24.0,0.1071014749687873,0.0049069166183471,9.0,5.0,0.1037588102271751,0.0078755378723144,9.0,5.0,0.0992670681681142,0.0090624809265136,9.0,5.0,0.0948617758648601,0.0140084743499755,28.0,24.0,5.143510580062866,0.0044977664947509,9.0,5.0,5.234176397323608,0.0076315402984619,9.0,5.0,5.205381155014038,0.0085089206695556,9.0,5.0,5.261401891708374,0.0183196067810058
38,30,74.0,74.0,0.1040753539935824,0.0076327085494995,8.0,8.0,0.1034703701715394,0.0104528268178304,8.0,8.0,0.0989787450851586,0.0116448561350504,8.0,8.0,0.0945902606594081,0.0173216978708902,74.0,74.0,5.150009870529175,0.0070493221282958,8.0,8.0,5.385925054550171,0.0080864429473876,8.0,8.0,5.717564821243286,0.0121819972991943,8.0,8.0,5.560107231140137,0.0121598243713378
83,42,227.0,135.0,0.1046791582114586,0.0158154567082722,61.0,29.0,0.1037330861929825,0.0150391101837158,61.0,29.0,0.0993128413085921,0.0193349281946818,62.0,38.0,0.0947162171911032,0.0538079500198364,227.0,135.0,5.190981388092041,0.0162796974182128,61.0,29.0,5.407667636871338,0.0141084194183349,61.0,29.0,5.329761505126953,0.0216510295867919,62.0,38.0,5.491219758987427,0.0487489700317382
101,17,278.0,68.4,0.1135829226976623,0.0132400433222452,216.0,49.6,0.1085792879027889,0.025617249806722,216.16666666666663,49.63333333333333,0.1043196492651315,0.0367307742436726,161.9,41.63333333333333,0.0991745683647649,0.0761046568552653,276.0,68.0,5.318341493606567,0.0132629871368408,268.0,60.0,5.450458526611328,0.0157876014709472,268.0,60.0,5.621990203857422,0.0206038951873779,178.0,42.0,5.299187898635864,0.0649185180664062
21,16,72.0,44.0,0.1070998626137273,0.0104866504669189,16.0,12.0,0.1034003617026135,0.0100409587224324,16.0,12.0,0.0989446035470216,0.0127925713857014,16.0,12.0,0.0945620580435608,0.0187276522318522,72.0,44.0,5.278228044509888,0.0121057033538818,16.0,12.0,5.219809770584106,0.0081660747528076,16.0,12.0,5.356449127197266,0.0111324787139892,16.0,12.0,5.118147850036621,0.0180892944335937
29,29,73.0,73.0,0.1040909037623987,0.0057729005813598,6.0,6.0,0.1035630956690352,0.0094128608703613,6.0,6.0,0.0990587806917978,0.0100531021753946,6.0,6.0,0.0946155367852726,0.0133488655090332,73.0,73.0,5.546725749969482,0.0076367855072021,6.0,6.0,5.674503803253174,0.0059907436370849,6.0,6.0,5.43754768371582,0.0116620063781738,6.0,6.0,5.546230792999268,0.0124397277832031
28,16,44.0,44.0,0.1057934711838429,0.006262199083964,13.0,13.0,0.1031469946003357,0.009071405728658,13.0,13.0,0.0986769416521629,0.0112014452616373,13.0,13.0,0.0942969843520179,0.0172490676244099,44.0,44.0,5.610637664794922,0.003030776977539,13.0,13.0,5.157505035400391,0.0060522556304931,13.0,13.0,5.193073272705078,0.0120761394500732,13.0,13.0,5.4221837520599365,0.0123772621154785
22,2,75.0,15.0,0.1100704829329826,0.0060218175252278,30.0,6.0,0.1044903640264157,0.0046636263529459,30.0,6.0,0.0999818173797078,0.0051198641459147,30.0,6.0,0.0955980511566688,0.0110018650690714,75.0,15.0,5.050477743148804,0.0039937496185302,30.0,6.0,5.369796514511108,0.0030415058135986,30.0,6.0,5.300930500030518,0.0076754093170166,30.0,6.0,5.204025268554688,0.0076127052307128
15,7,44.0,19.2,0.1083686507076971,0.0087743600209554,13.0,5.0,0.1039182319221606,0.0072960615158081,13.0,5.0,0.0994392676662362,0.0090386152267456,13.0,5.0,0.0950607626550219,0.0151493867238362,38.0,18.0,5.223969221115112,0.0095076560974121,13.0,5.0,5.083442687988281,0.0084912776947021,13.0,5.0,5.002155780792236,0.0080265998840332,13.0,5.0,5.128671169281006,0.012871503829956
58,16,151.0,48.6,0.1101019772852129,0.0129770119984944,145.5,35.5,0.1068742173854142,0.0216321865717569,145.0,35.4,0.1025030189165472,0.0285582224527994,105.1,38.56666666666667,0.0971163583066445,0.0797365109125773,158.0,50.0,5.354090213775635,0.0142750740051269,153.0,37.0,5.041075944900513,0.0246481895446777,153.0,37.0,5.348420143127441,0.024428367614746,113.0,37.0,5.374317407608032,0.0749223232269287
67,40,179.0,103.0,0.1058294532711166,0.014728840192159,35.0,19.0,0.1035739197159271,0.0128047625223795,35.0,19.0,0.099124022257145,0.0158112128575642,52.0,36.0,0.0942851097944028,0.0450134833653767,179.0,103.0,5.27789568901062,0.016141653060913,35.0,19.0,5.3383965492248535,0.0121600627899169,35.0,19.0,5.156100273132324,0.0155434608459472,52.0,36.0,4.987451791763306,0.0447111129760742
31,7,65.5,23.5,0.1088491552733676,0.008272910118103,37.0,13.0,0.1041484188848501,0.0075466553370157,37.0,13.0,0.0997346625115757,0.0121246099472045,37.0,13.0,0.0953351751603386,0.0173230171203613,58.0,22.0,5.251697301864624,0.008026123046875,37.0,13.0,5.171952962875366,0.0082035064697265,37.0,13.0,5.378581762313843,0.008502721786499,37.0,13.0,5.214831352233887,0.0156219005584716
30,18,50.0,46.0,0.1058575850266508,0.0066104014714558,19.0,15.0,0.1032152935063119,0.0096015850702921,19.0,15.0,0.0987592562612161,0.0123410622278849,19.0,15.0,0.094401910693973,0.0193718989690144,50.0,46.0,5.220275402069092,0.0061039924621582,19.0,15.0,5.276278972625732,0.0119233131408691,19.0,15.0,5.070894956588745,0.0121560096740722,19.0,15.0,5.252316236495972,0.0162177085876464
37,21,87.0,59.0,0.1062307854913209,0.0107362747192382,21.0,17.0,0.1031552192875226,0.0120613098144531,21.0,17.0,0.0987027579338098,0.0149562756220499,21.0,17.0,0.0943598541060768,0.0226150751113891,87.0,59.0,5.109808683395386,0.0149030685424804,21.0,17.0,5.101169109344482,0.0082182884216308,21.0,17.0,4.939448118209839,0.0170822143554687,21.0,17.0,5.292784690856934,0.0199055671691894
36,33,79.0,79.0,0.10380675106258,0.0086329380671183,10.0,10.0,0.1033672006586439,0.0110386610031127,10.0,10.0,0.0988720166784727,0.0120759407679239,10.0,10.0,0.094439468644149,0.0158367872238159,79.0,79.0,5.263538122177124,0.0075747966766357,10.0,10.0,5.311304569244385,0.0105397701263427,10.0,10.0,5.0267884731292725,0.0121536254882812,10.0,10.0,5.192217826843262,0.0117146968841552
48,43,158.0,118.0,0.1033792798730513,0.0138322194417317,16.0,12.0,0.1034415300545858,0.0118310610453287,16.0,12.0,0.0989595502795238,0.0134424924850463,18.0,14.0,0.0946046699368779,0.0256524244944254,158.0,118.0,5.17426872253418,0.0112578868865966,16.0,12.0,5.046143770217896,0.0126900672912597,16.0,12.0,5.149888753890991,0.0147697925567626,18.0,14.0,5.126440525054932,0.0242664813995361
48,17,116.0,56.0,0.1078029739903012,0.0113988637924194,48.0,24.0,0.1035836863482111,0.0108861366907755,48.0,24.0,0.0991422988346721,0.0142626206080118,12.0,12.0,0.0944044479629575,0.0193859020868937,116.0,56.0,5.376510143280029,0.013254165649414,48.0,24.0,5.341098308563232,0.0102386474609375,48.0,24.0,5.254718780517578,0.0121009349822998,12.0,12.0,5.038796663284302,0.0171103477478027
27,24,54.0,54.0,0.1052255779047676,0.0069282929102579,14.0,14.0,0.1031954298013535,0.0137134393056233,14.0,14.0,0.0986612175209455,0.0130536715189615,14.0,14.0,0.0942156847880574,0.0162499109903971,54.0,54.0,5.042156219482422,0.0086774826049804,14.0,14.0,5.389610767364502,0.0102427005767822,14.0,14.0,5.04239559173584,0.0120279788970947,14.0,14.0,5.161490678787232,0.0161309242248535
64,63,133.0,133.0,0.1006212453524037,0.0070605595906575,10.0,10.0,0.1033974870787455,0.0123555898666381,10.0,10.0,0.098890170655646,0.0128653208414713,10.0,10.0,0.094478409032106,0.0175300121307373,133.0,133.0,5.587179183959961,0.0080821514129638,10.0,10.0,5.57837176322937,0.0121412277221679,10.0,10.0,5.661710977554321,0.0187814235687255,10.0,10.0,5.276645660400391,0.0143508911132812
28,7,140.0,31.2,0.1113575152890546,0.0114269415537516,29.0,9.0,0.1042018364240398,0.0072371085484822,29.0,9.0,0.0997207405237914,0.008886973063151,29.0,9.0,0.0953720529453397,0.0162942806879679,149.0,33.0,5.239797353744507,0.0080316066741943,29.0,9.0,5.242182731628418,0.0036466121673583,29.0,9.0,5.310597658157349,0.0082249641418457,29.0,9.0,5.379071950912476,0.0139100551605224
28,13,88.0,44.0,0.1077694125689438,0.0095542351404825,27.0,19.0,0.1031542433169794,0.0095792452494303,27.0,19.0,0.0986956365110887,0.0122069915135701,27.0,19.0,0.0943671930653867,0.0204945643742879,88.0,44.0,5.53872275352478,0.0122187137603759,27.0,19.0,5.403984785079956,0.0101900100708007,27.0,19.0,5.569442272186279,0.0121698379516601,27.0,19.0,5.697829246520996,0.0242753028869628
14,12,28.0,28.0,0.1067319802607399,0.0064956982930501,11.0,11.0,0.1032656428886579,0.0091586271921793,11.0,11.0,0.0988317845775479,0.0128624995549519,11.0,11.0,0.0943629424793834,0.0150451898574829,28.0,28.0,5.228481292724609,0.0041306018829345,11.0,11.0,5.495967626571655,0.0082662105560302,11.0,11.0,5.1810595989227295,0.0122601985931396,11.0,11.0,5.271566152572632,0.0161139965057373
68,10,251.0,50.2,0.1142275860591286,0.0116426706314086,198.5,39.7,0.1086088513981242,0.0160687367121378,193.5,38.7,0.1040682029625779,0.0201046864191691,126.73333333333332,39.266666666666666,0.0977940614216833,0.0716695626576741,305.0,61.0,5.401382446289063,0.0133447647094726,190.0,38.0,5.647190570831299,0.0141780376434326,195.0,39.0,5.600816488265991,0.0202205181121826,104.0,32.0,5.851696491241455,0.0627574920654296
23,17,60.0,44.0,0.1065877982728717,0.0107554038365681,16.0,12.0,0.1034707428848083,0.013101307551066,16.0,12.0,0.0989322442867559,0.0122551600138346,16.0,12.0,0.0945696038780426,0.0190557638804117,60.0,44.0,5.073135852813721,0.0082125663757324,16.0,12.0,5.49718976020813,0.0091516971588134,16.0,12.0,5.089956283569336,0.0123753547668457,16.0,12.0,5.220283508300781,0.0207688808441162
23,10,57.0,29.0,0.1079760544166276,0.0105463902155558,15.0,7.0,0.1038339829230322,0.0087046066919962,15.0,7.0,0.0993730898495561,0.0112329403559366,15.0,7.0,0.0949924840821161,0.0172523657480875,62.0,30.0,5.150727987289429,0.0124480724334716,15.0,7.0,5.3096349239349365,0.0072207450866699,15.0,7.0,5.317231178283691,0.0085697174072265,15.0,7.0,5.4168314933776855,0.0161199569702148
20,13,35.0,35.0,0.1063157123232017,0.0061469872792561,12.0,12.0,0.103209732610441,0.0092634598414103,12.0,12.0,0.0987424484421588,0.0115138928095499,12.0,12.0,0.0942923192312544,0.0145102659861246,35.0,35.0,5.366180419921875,0.0060007572174072,12.0,12.0,5.226888179779053,0.0103011131286621,12.0,12.0,5.218295574188232,0.0081660747528076,12.0,12.0,5.259100198745728,0.0144507884979248
61,60,142.0,142.0,0.1001222163447812,0.0081850926081339,10.0,10.0,0.1033874824419751,0.0119205633799235,10.0,10.0,0.0989032032399012,0.0134320100148518,10.0,10.0,0.0944778506703286,0.0175057331720987,142.0,142.0,5.265737533569336,0.0107290744781494,10.0,10.0,5.127337455749512,0.0120894908905029,10.0,10.0,5.54463791847229,0.0120775699615478,10.0,10.0,5.469913721084595,0.0203759670257568
14,14,26.0,26.0,0.1068126570238816,0.0049318234125773,9.0,9.0,0.103352002330812,0.0078418493270874,9.0,9.0,0.0989586352095187,0.0133063793182373,9.0,9.0,0.0944249946330844,0.0126714706420898,26.0,26.0,5.334846019744873,0.0039954185485839,9.0,9.0,5.640336990356445,0.0040657520294189,9.0,9.0,5.255790710449219,0.0094077587127685,9.0,9.0,5.659066915512085,0.0121858119964599
88,64,193.0,161.0,0.1005746176148288,0.0159474611282348,51.0,31.0,0.1030856506742639,0.0144934892654418,50.0,30.0,0.0987673440866091,0.0206858873367309,43.0,31.0,0.094402144649266,0.0449342250823974,193.0,161.0,5.286323308944702,0.0173201560974121,51.0,31.0,5.1568098068237305,0.0205793380737304,50.0,30.0,5.584266901016235,0.0209195613861084,43.0,31.0,5.464006662368774,0.0412991046905517
83,63,192.0,168.0,0.0998308808315549,0.0163826465606689,33.0,21.0,0.103305878495005,0.0137330929438273,33.0,21.0,0.0989615463211868,0.0213297843933105,39.0,27.0,0.0944396915494417,0.0364230553309122,192.0,168.0,5.418205261230469,0.016385793685913,33.0,21.0,5.489157199859619,0.0122053623199462,33.0,21.0,5.6035215854644775,0.0162279605865478,39.0,27.0,5.401877164840698,0.0318713188171386
77,22,251.5,90.3,0.1102863704104008,0.0163245598475138,212.33333333333331,59.0,0.1073676500792859,0.0213078180948893,212.4333333333333,59.23333333333333,0.1029692102794053,0.027393881479899,86.93333333333334,38.4,0.0961672972438072,0.071848193804423,255.0,91.0,5.430726528167725,0.0106651782989501,199.0,59.0,5.292672634124756,0.0192546844482421,225.0,61.0,5.423188447952271,0.025611400604248,81.0,37.0,5.299556255340576,0.0647153854370117
60,50,128.0,116.0,0.1021301697564504,0.0070266008377075,22.0,10.0,0.1038650241240134,0.0101506789525349,22.0,10.0,0.0994383108331862,0.0141652345657348,31.0,19.0,0.0948309175425827,0.0331469297409057,128.0,116.0,5.321126699447632,0.0040318965911865,22.0,10.0,5.344512462615967,0.0082254409790039,22.0,10.0,5.3482420444488525,0.0116991996765136,31.0,19.0,5.54639744758606,0.0325040817260742
36,35,85.0,85.0,0.1034244555426557,0.007225481669108,11.0,11.0,0.1033245538029554,0.0117202202479044,11.0,11.0,0.09884003224811,0.0132211287816365,11.0,11.0,0.094381960043921,0.0158721208572387,85.0,85.0,5.260016202926636,0.0080699920654296,11.0,11.0,5.307070732116699,0.0122463703155517,11.0,11.0,5.200335502624512,0.0125842094421386,11.0,11.0,5.410931825637817,0.0121963024139404
18,5,102.5,23.7,0.110487706246357,0.0109223127365112,19.0,7.0,0.1039347276490803,0.0055737098058064,19.0,7.0,0.0994659879020109,0.0077608505884806,19.0,7.0,0.0951031119030092,0.0145512104034423,94.0,22.0,5.25588846206665,0.0081698894500732,19.0,7.0,5.399657487869263,0.0041663646697998,19.0,7.0,5.438813924789429,0.0084946155548095,19.0,7.0,5.393074989318848,0.0170130729675292
94,42,177.0,121.0,0.1038909398686352,0.0136422077814737,47.0,27.0,0.1032704128098319,0.0123836040496826,46.0,26.0,0.0989553929717166,0.0187189181645711,52.0,32.0,0.0945691594323032,0.0397093375523885,177.0,121.0,5.334320783615112,0.0165333747863769,47.0,27.0,5.085227012634277,0.0120110511779785,46.0,26.0,5.186444044113159,0.0161058902740478,52.0,32.0,5.341734647750855,0.0361692905426025
79,68,142.0,142.0,0.1001155876492188,0.0078968604405721,17.0,17.0,0.1030184369236806,0.0136252005894978,17.0,17.0,0.0985409114317209,0.0154303153355916,17.0,17.0,0.0941229425798064,0.0198251008987426,142.0,142.0,5.110182762145996,0.008044958114624,17.0,17.0,5.126795053482056,0.0120010375976562,17.0,17.0,5.602565050125122,0.0151665210723876,17.0,17.0,5.437761068344116,0.0219974517822265
16,11,44.0,28.0,0.1075616992618146,0.0125278313954671,16.0,12.0,0.1035102577182863,0.0148195107777913,16.0,12.0,0.0990096381638892,0.0156204382578531,16.0,12.0,0.0946490994252507,0.0225124279657999,44.0,28.0,5.4371418952941895,0.0114803314208984,16.0,12.0,5.281299829483032,0.0100741386413574,16.0,12.0,5.306327819824219,0.0120384693145751,16.0,12.0,5.245073556900024,0.0179560184478759
99,16,263.5,63.9,0.1133961700581141,0.0124866167704264,163.4,41.0,0.1071614932304469,0.0247856458028157,166.46666666666667,41.66666666666666,0.1030091778208249,0.0379154205322265,112.0,29.6,0.0980004549266825,0.0656444787979126,269.0,65.0,5.406868934631348,0.0081865787506103,145.0,37.0,5.225675821304321,0.0330967903137207,145.0,37.0,5.764999151229858,0.0366039276123046,69.0,21.0,5.67730188369751,0.062791109085083
78,12,199.0,54.2,0.1115726578106999,0.0115049839019775,198.6,52.2,0.1073543692649783,0.0165058533350626,194.5,50.9,0.1029047688216463,0.0214865525563557,135.5,36.7,0.0981482089908884,0.0592771768569946,183.0,51.0,5.444258213043213,0.012117862701416,162.0,42.0,5.573374032974243,0.0148682594299316,162.0,42.0,5.535003900527954,0.0197436809539794,147.0,39.0,5.1264283657073975,0.0570960044860839
36,12,207.0,56.6,0.1117712143891174,0.0157088597615559,157.5,39.5,0.1069194909706585,0.0187215407689412,168.26666666666668,41.333333333333336,0.1027899766103155,0.0235325415929158,52.16666666666666,18.7,0.0961137612646643,0.0478555123011271,164.0,48.0,5.315714359283447,0.0129323005676269,140.0,36.0,5.365168333053589,0.018122911453247,99.0,27.0,5.164684772491455,0.020517349243164,49.0,17.0,5.678218603134155,0.0442352294921875
22,12,69.0,45.0,0.1068533067940546,0.0098132689793904,23.0,11.0,0.103785254343384,0.0092180411020914,23.0,11.0,0.0993061658039872,0.0109551906585693,33.0,21.0,0.0946500121902345,0.0303526163101196,69.0,45.0,5.708083391189575,0.0081532001495361,23.0,11.0,5.453413963317871,0.0082032680511474,23.0,11.0,5.7095723152160645,0.0111336708068847,33.0,21.0,5.536027669906616,0.0328898429870605
27,25,61.0,61.0,0.1048041931435566,0.0063570896784464,9.0,9.0,0.1033893029080107,0.0094637711842854,9.0,9.0,0.0989016554410609,0.0108287572860717,9.0,9.0,0.0944878500854767,0.0154045820236206,61.0,61.0,5.217637777328491,0.0060524940490722,9.0,9.0,5.337353229522705,0.0080854892730712,9.0,9.0,5.349704742431641,0.0121805667877197,9.0,9.0,5.167042255401611,0.0138320922851562
66,25,140.0,76.0,0.1068940107958463,0.0150823672612508,57.0,29.0,0.1034968900277586,0.0122802416483561,57.0,29.0,0.099051609334442,0.0154874404271443,71.0,43.0,0.0945979002060049,0.0538314580917358,140.0,76.0,5.43505597114563,0.0124216079711914,57.0,29.0,5.453699111938477,0.0121345520019531,57.0,29.0,5.489664793014526,0.0150563716888427,71.0,43.0,5.623604536056519,0.0575816631317138
100,51,284.5,152.9,0.1053998915417086,0.0181841214497884,205.96666666666667,73.43333333333334,0.1058456281041424,0.0307886838912963,198.86666666666667,71.4,0.1013860232613277,0.0377312024434407,107.1,43.5,0.0967992804682354,0.0839683214823405,300.0,156.0,5.590234041213989,0.0181837081909179,197.0,73.0,5.3464035987854,0.0285449028015136,192.0,68.0,5.368037462234497,0.0386745929718017,148.0,68.0,5.60251784324646,0.1055057048797607
93,63,249.0,165.0,0.1026809472074999,0.0200298468271891,52.0,16.0,0.1046033072919017,0.0123996019363403,52.0,16.0,0.1001692077246391,0.0160929838816324,81.0,45.0,0.0950548706278031,0.0637505133946736,249.0,165.0,5.471300363540649,0.015733003616333,52.0,16.0,5.443601608276367,0.016228437423706,52.0,16.0,5.606678485870361,0.0158660411834716,81.0,45.0,5.609715223312378,0.0772275924682617
42,21,90.0,57.2,0.1065619841932653,0.0115590731302897,37.0,21.0,0.1034235522749425,0.0113383134206136,37.0,21.0,0.0989719177718618,0.0142692327499389,37.0,21.0,0.0946576583602343,0.0231735626856486,84.0,56.0,5.696241855621338,0.012160301208496,37.0,21.0,6.0020835399627686,0.0137572288513183,37.0,21.0,5.148842811584473,0.012643814086914,37.0,21.0,5.448622465133667,0.0281112194061279
43,38,134.0,106.0,0.1035689575165953,0.0141830523808797,17.0,13.0,0.1034083113796788,0.0129225810368855,15.0,11.0,0.0990291518444006,0.013932991027832,24.0,20.0,0.0942895558480397,0.0271661837895711,134.0,106.0,5.578247308731079,0.0142037868499755,17.0,13.0,5.136942148208618,0.0121955871582031,15.0,11.0,5.547630310058594,0.0140883922576904,24.0,20.0,5.543065309524536,0.0256271362304687
76,74,178.0,178.0,0.0980340623714652,0.0086811860402425,12.0,12.0,0.1032873873000968,0.0126400788625081,12.0,12.0,0.0988104936433791,0.0144726673762003,12.0,12.0,0.0943798484255741,0.0183162530263264,178.0,178.0,5.60894775390625,0.0085484981536865,12.0,12.0,5.389538049697876,0.0151641368865966,12.0,12.0,5.400700569152832,0.0126168727874755,12.0,12.0,5.368119478225708,0.0166623592376709
