Circuit Qubit,Circuit Gate,ActCost,Act Gate Count,sim Cost 0,sim Gate Count 0,sim Runtime 0,sim Transpile Time 0,sim Cost 1,sim Gate Count 1,sim Runtime 1,sim Transpile Time 1,sim Cost 2,sim Gate Count 2,sim Runtime 2,sim Transpile Time 2,sim Cost 3,sim Gate Count 3,sim Runtime 3,sim Transpile Time 3,Cost 0,Gate Count 0,Runtime 0,Transpile Time 0,Cost 1,Gate Count 1,Runtime 1,Transpile Time 1,Cost 2,Gate Count 2,Runtime 2,Transpile Time 2,Cost 3,Gate Count 3,Runtime 3,Transpile Time 3
"[0, 2, 5, 3, 0, 2, 0, 3, 6, 6, 0, 3, 0, 2, 5, 4, 4, 4, 5, 4, 6, 1, 5, 5, 2, 1, 5, 4, 0, 3, 3, 0, 5, 1]","['y', 'x', 'z', 'z', 'z', 'z', 'y', 'y', 'y', 'h', 'x', 'x', 'x', 'z', 'y', 'z', 'y', 'x', 'z', 'y', 'h', 'z', 'z', 'z', 'z', 'z', 'z', 'z', 'y', 'z', 'z', 'z', 'x', 'h']",37,34,72.0,72.0,0.10420936189141354,0.00838780403137207,10.0,10.0,0.10339217889507898,0.012124776840209961,10.0,10.0,0.09887235023338069,0.012090444564819336,10.0,10.0,0.11401537503731993,0.8670458793640137,72.0,72.0,4.362976551055908,0.008038520812988281,10.0,10.0,4.417293548583984,0.2635502815246582,10.0,10.0,4.167288303375244,0.6892404556274414,10.0,10.0,4.181312561035156,0.04715085029602051
"[2, 4, 2, 4, 2, 2, 2, 3, 0, 6, 4, 5, 2, 5, 5, 1, 4, 0, 6, 2, 3, 5, 3, 4, 4]","['x', 'z', 'y', 'x', 'z', 'h', 'x', 'x', 'h', 'x', 'z', 'y', 'y', 'h', 'z', 'z', 'h', 'x', 'h', 'y', 'h', 'z', 'h', 'x', 'y']",32,25,59.0,59.0,0.10491316706015981,0.0060236454010009766,17.0,17.0,0.10295965687256908,0.011069297790527344,17.0,17.0,0.09847751351852488,0.012673616409301758,17.0,17.0,0.09402773687058893,0.015685319900512695,59.0,59.0,4.338860034942627,0.005987882614135742,17.0,17.0,4.195518970489502,0.01250147819519043,17.0,17.0,4.32378077507019,0.012554168701171875,17.0,17.0,4.3546552658081055,0.02212047576904297
"['2', '3', '4', '5', '0', '1,4', '6', '2', '4,2', '4', '5', '0', '3', '3', '3', '1', '6', '1,4', '6', '3', '2', '3', '5', '2', '2', '3', '1', '2', '2', '2', '2', '1']","['z', 'x', 'y', 'h', 'x', 'cx', 'z', 'x', 'cx', 'x', 'z', 'z', 'z', 'h', 'z', 'x', 'z', 'cx', 'y', 'x', 'x', 'y', 'h', 'y', 'h', 'z', 'y', 'h', 'z', 'x', 'y', 'z']",49,32,138.0,78.0,0.1066963465534134,0.019070863723754883,31.0,19.0,0.10338196371491526,0.011969566345214844,31.0,19.0,0.09892044227882348,0.014470577239990234,37.0,25.0,0.09521391395415915,0.06501626968383789,138.0,78.0,4.225302696228027,0.013002395629882812,31.0,19.0,4.640267848968506,0.012176275253295898,31.0,19.0,4.237869739532471,0.014542818069458008,37.0,25.0,4.316037893295288,0.03813529014587402
"[6, 2, 4, 2, 1, 1, 3, 0, 2, 1, 0, 4, 6, 3, 2]","['x', 'y', 'y', 'z', 'z', 'h', 'h', 'y', 'y', 'z', 'x', 'x', 'x', 'h', 'h']",19,15,39.0,39.0,0.10606831223131832,0.0055332183837890625,8.0,8.0,0.10342906419389833,0.008656740188598633,8.0,8.0,0.09895365407974925,0.010553836822509766,8.0,8.0,0.09449571858738012,0.013210773468017578,39.0,39.0,4.861618280410767,0.004979372024536133,8.0,8.0,4.264433145523071,0.01102900505065918,8.0,8.0,4.505389213562012,0.010528564453125,8.0,8.0,4.603411436080933,0.013248920440673828
"['3,5', '0,6', '3,0', '1', '5']","['cx', 'cx', 'cx', 'x', 'x']",17,5,77.0,17.0,0.10998689629165502,0.007459163665771484,17.0,5.0,0.10400536779073448,0.0035734176635742188,17.0,5.0,0.09951909566662429,0.004998207092285156,17.0,5.0,0.09517324558951266,0.01252889633178711,77.0,17.0,4.323960781097412,0.007558345794677734,17.0,5.0,4.411141633987427,0.017972230911254883,17.0,5.0,4.3176538944244385,0.0064907073974609375,17.0,5.0,4.298662900924683,0.012535810470581055
"['6,4', '6', '2,4', '5,1', '1,3', '1', '5,2']","['cx', 'y', 'swap', 'cx', 'swap', 'x', 'swap']",45,7,151.0,35.0,0.11135912287993834,0.007612705230712891,143.0,31.0,0.1070198829930169,0.012798547744750977,138.0,30.0,0.10293746772075707,0.03675961494445801,73.0,17.0,0.09769884869559176,0.07015299797058105,136.0,32.0,4.298928499221802,0.007265329360961914,138.0,30.0,4.4359660148620605,0.012666463851928711,143.0,31.0,4.294832229614258,0.015635013580322266,103.0,23.0,4.711065292358398,0.04467654228210449
"['2', '1', '4', '2', '6', '1,2', '6', '4', '6', '5,2', '5', '2', '1']","['x', 'h', 'h', 'x', 'y', 'swap', 'h', 'z', 'h', 'cx', 'x', 'h', 'h']",33,13,77.0,37.0,0.10799073128424982,0.008937597274780273,35.0,19.0,0.10354478766996174,0.011538028717041016,35.0,19.0,0.0990938376398291,0.014498710632324219,35.0,19.0,0.09484413910571501,0.026210308074951172,77.0,37.0,4.327700138092041,0.011117935180664062,35.0,19.0,4.347699165344238,0.01055145263671875,35.0,19.0,4.287665605545044,0.01253366470336914,35.0,19.0,4.388660669326782,0.02095794677734375
"[3, 3, 5, 0, 4, 0, 4]","['x', 'z', 'z', 'y', 'h', 'y', 'x']",8,7,17.0,17.0,0.1073882578100205,0.007136821746826172,6.0,6.0,0.10352050628177022,0.0075609683990478516,6.0,6.0,0.09904287003130402,0.00936126708984375,6.0,6.0,0.09457333779432724,0.011513948440551758,17.0,17.0,4.393731594085693,0.006079912185668945,6.0,6.0,4.394923210144043,0.008803606033325195,6.0,6.0,4.349623680114746,0.009481430053710938,6.0,6.0,4.312042474746704,0.010525703430175781
"['2', '4,6', '5', '6,3', '2', '6', '4', '1', '0', '6', '1', '6', '5', '1', '0', '5', '2,6', '3', '5', '6', '3', '2', '0', '1', '1', '0', '1']","['z', 'cx', 'y', 'cx', 'y', 'x', 'z', 'z', 'z', 'h', 'z', 'z', 'x', 'z', 'y', 'y', 'cx', 'y', 'x', 'x', 'z', 'z', 'x', 'x', 'z', 'x', 'z']",40,27,106.0,58.0,0.10712559090671352,0.009551048278808594,26.0,14.0,0.10360475685455521,0.008977413177490234,26.0,14.0,0.09919037358082372,0.013528108596801758,26.0,14.0,0.09489133268040975,0.02309417724609375,106.0,58.0,4.403587818145752,0.010684967041015625,26.0,14.0,4.2294652462005615,0.010480165481567383,26.0,14.0,4.256047487258911,0.013549089431762695,26.0,14.0,4.381227016448975,0.023810863494873047
"[2, 3, 3, 6, 2, 4, 5, 0, 3, 4, 1, 0, 4, 5, 4, 5, 4, 6, 4, 0, 4, 5, 3, 4, 5, 0, 4, 4, 3, 3, 5, 5, 4]","['x', 'z', 'z', 'h', 'h', 'h', 'x', 'x', 'y', 'h', 'h', 'x', 'x', 'x', 'h', 'z', 'y', 'x', 'x', 'z', 'x', 'y', 'h', 'y', 'h', 'h', 'x', 'x', 'h', 'x', 'z', 'z', 'x']",43,33,69.0,69.0,0.10434065262914347,0.006488800048828125,19.0,19.0,0.10280648062510496,0.009480714797973633,19.0,19.0,0.0983448824256919,0.011978387832641602,19.0,19.0,0.09390601713556647,0.015464544296264648,69.0,69.0,4.2038633823394775,0.0064885616302490234,19.0,19.0,4.213283538818359,0.01148843765258789,19.0,19.0,4.361613750457764,0.012506723403930664,19.0,19.0,4.211954116821289,0.015662670135498047
"['4', '4', '3', '2', '3', '1', '2', '6', '3,5', '6', '4', '2', '6', '6', '4', '3', '3,2', '1', '3,0']","['y', 'x', 'y', 'z', 'y', 'x', 'x', 'z', 'cx', 'h', 'z', 'z', 'y', 'z', 'z', 'z', 'cx', 'z', 'cx']",32,19,64.0,40.0,0.1071150966147539,0.008516788482666016,23.0,11.0,0.10379302790905237,0.009556055068969727,23.0,11.0,0.0993215765890436,0.011625289916992188,23.0,11.0,0.09501475517770847,0.020853042602539062,79.0,43.0,4.338007211685181,0.009539127349853516,23.0,11.0,4.444421768188477,0.010530948638916016,23.0,11.0,4.320353031158447,0.012544393539428711,23.0,11.0,5.2032554149627686,0.01927351951599121
"['1', '4', '0', '2', '5,0', '4', '2', '2', '0', '6', '2', '4', '5']","['x', 'y', 'h', 'h', 'cx', 'y', 'h', 'z', 'h', 'x', 'y', 'y', 'z']",21,13,71.0,43.0,0.10714720555698007,0.010009288787841797,17.0,13.0,0.10333093815553433,0.00955820083618164,17.0,13.0,0.09884802716827733,0.011129140853881836,17.0,13.0,0.09448928085319067,0.018099069595336914,71.0,43.0,4.225622177124023,0.008642911911010742,17.0,13.0,4.379895925521851,0.009482860565185547,17.0,13.0,4.420603275299072,0.011636734008789062,17.0,13.0,4.749807596206665,0.017107725143432617
"[5, 0, 3, 3, 4, 0, 3, 3, 2, 2, 5, 2, 1, 6, 0, 5, 3, 6, 3, 3, 1, 3, 1, 0, 4, 4, 4, 0, 0, 4]","['x', 'x', 'h', 'h', 'x', 'z', 'h', 'h', 'z', 'y', 'x', 'y', 'z', 'x', 'x', 'h', 'z', 'z', 'z', 'x', 'y', 'x', 'y', 'z', 'z', 'y', 'y', 'y', 'z', 'z']",35,30,68.0,68.0,0.10438680135444083,0.005959510803222656,9.0,9.0,0.10339025184887757,0.009505033493041992,9.0,9.0,0.0988951025949708,0.0105438232421875,9.0,9.0,0.0944471134358018,0.013633251190185547,68.0,68.0,4.207783460617065,0.005982875823974609,9.0,9.0,4.24203085899353,0.011237621307373047,9.0,9.0,4.20599889755249,0.01220393180847168,9.0,9.0,4.22639012336731,0.013575315475463867
"[2, 6, 6, 1, 1, 4, 4, 3, 0, 2, 5, 4, 4, 1, 5, 6, 2]","['y', 'y', 'y', 'h', 'y', 'z', 'y', 'z', 'x', 'x', 'h', 'y', 'h', 'h', 'y', 'y', 'x']",21,17,57.0,57.0,0.10502889925612244,0.005984067916870117,14.0,14.0,0.10309808111608365,0.009480476379394531,14.0,14.0,0.09860198328684963,0.010478019714355469,14.0,14.0,0.09415175154208039,0.013469934463500977,57.0,57.0,4.244132995605469,0.005984067916870117,14.0,14.0,4.2877418994903564,0.009539604187011719,14.0,14.0,4.316422462463379,0.011553525924682617,14.0,14.0,4.409684896469116,0.01507711410522461
"['6', '2', '4', '4', '3', '4', '3', '4', '3,1', '4', '1', '2']","['x', 'z', 'x', 'z', 'z', 'x', 'z', 'z', 'swap', 'z', 'x', 'y']",22,12,30.0,18.0,0.10783790088085607,0.006689786911010742,19.0,7.0,0.10404766385781543,0.010484457015991211,19.0,7.0,0.09949391677430014,0.00897526741027832,19.0,7.0,0.09507130337590855,0.013168096542358398,30.0,18.0,4.44946551322937,0.00498652458190918,19.0,7.0,4.262788534164429,0.008535146713256836,19.0,7.0,4.309743404388428,0.011561393737792969,19.0,7.0,4.178058624267578,0.015208959579467773
"[4, 0, 4, 4, 3, 5, 0, 0, 6, 1, 5, 5, 6, 0, 1, 0, 3, 0, 6, 5, 6, 1, 1, 5, 4, 0, 0]","['y', 'y', 'h', 'h', 'h', 'x', 'z', 'h', 'y', 'x', 'x', 'x', 'h', 'x', 'z', 'x', 'z', 'y', 'x', 'y', 'z', 'z', 'z', 'y', 'y', 'h', 'x']",33,27,67.0,67.0,0.10450120912163921,0.008398294448852539,11.0,11.0,0.10331831861079956,0.011449098587036133,11.0,11.0,0.09884688922316828,0.013519287109375,11.0,11.0,0.09441966454240552,0.017511606216430664,67.0,67.0,4.398040056228638,0.00818777084350586,11.0,11.0,4.211297512054443,0.010663032531738281,11.0,11.0,4.351645469665527,0.01160883903503418,11.0,11.0,4.357293128967285,0.01710367202758789
"[2, 1, 4, 3]","['y', 'y', 'x', 'x']",4,4,12.0,12.0,0.1076074650059378,0.003988742828369141,6.0,6.0,0.10349656709171962,0.00652003288269043,6.0,6.0,0.09900323822514605,0.007637977600097656,6.0,6.0,0.09452821741069775,0.009552001953125,12.0,12.0,4.269427537918091,0.004644632339477539,6.0,6.0,4.4018778800964355,0.006983757019042969,6.0,6.0,4.982790470123291,0.00850367546081543,6.0,6.0,4.320059299468994,0.010583639144897461
"['5', '0,3', '2']","['z', 'swap', 'x']",13,3,32.0,8.0,0.10892313342034758,0.005984306335449219,17.0,5.0,0.10406079639179298,0.005983591079711914,17.0,5.0,0.09955470836460381,0.006546735763549805,17.0,5.0,0.09512700117153586,0.010518074035644531,32.0,8.0,4.347970008850098,0.0059854984283447266,17.0,5.0,4.250542879104614,0.0074901580810546875,17.0,5.0,4.34926176071167,0.0057218074798583984,17.0,5.0,4.368879318237305,0.010615348815917969
"['2', '3,4', '5', '1', '2', '3', '0', '1', '4', '2,1', '3', '0,1', '3', '1', '6', '0,3', '5', '0', '4', '1', '1']","['z', 'swap', 'y', 'y', 'z', 'y', 'y', 'z', 'x', 'cx', 'h', 'cx', 'h', 'x', 'x', 'cx', 'h', 'x', 'y', 'h', 'y']",47,21,124.0,64.0,0.10733111160078206,0.011168718338012695,44.0,20.0,0.10380754148452956,0.010476112365722656,44.0,20.0,0.0993918038864869,0.014967918395996094,44.0,20.0,0.0952896280065898,0.033094167709350586,109.0,61.0,4.187449216842651,0.009590625762939453,44.0,20.0,4.726964950561523,0.010481119155883789,44.0,20.0,4.308025360107422,0.014544963836669922,44.0,20.0,4.18020224571228,0.028103113174438477
"[3, 3, 1, 3, 6, 4, 3, 3, 5, 2, 0, 0, 1, 3, 0, 5, 0, 3, 5, 3, 3, 0, 6, 4, 1, 0, 4, 4, 0]","['z', 'x', 'z', 'y', 'z', 'z', 'z', 'y', 'z', 'z', 'z', 'y', 'x', 'z', 'h', 'x', 'z', 'x', 'y', 'z', 'x', 'x', 'x', 'x', 'y', 'y', 'h', 'y', 'y']",31,29,65.0,65.0,0.1045528329781443,0.005571126937866211,10.0,10.0,0.10333293406033398,0.009548664093017578,10.0,10.0,0.09886070962401802,0.011584281921386719,10.0,10.0,0.09440219292364492,0.014215946197509766,65.0,65.0,4.296123504638672,0.005561351776123047,10.0,10.0,4.5110554695129395,0.01065683364868164,10.0,10.0,4.334479093551636,0.010480880737304688,10.0,10.0,4.402702808380127,0.014528751373291016
"['1', '1', '6,2', '6', '4', '2', '0', '6', '3', '0', '0', '5,2', '1', '1', '0', '0', '5', '3', '2,6', '3', '5', '0', '2', '6', '3', '1', '4']","['y', 'x', 'cx', 'x', 'y', 'y', 'h', 'x', 'x', 'z', 'h', 'cx', 'y', 'z', 'z', 'x', 'z', 'y', 'cx', 'z', 'h', 'h', 'h', 'x', 'x', 'z', 'h']",45,27,146.0,74.0,0.10726137442813512,0.010961294174194336,32.0,20.0,0.10331417321611132,0.011557817459106445,32.0,20.0,0.09888663599896906,0.01553654670715332,32.0,20.0,0.09456423711650848,0.024086952209472656,146.0,74.0,4.362117528915405,0.010753393173217773,32.0,20.0,4.43145489692688,0.013052940368652344,32.0,20.0,4.296961545944214,0.014096498489379883,32.0,20.0,4.352683782577515,0.026224136352539062
"[2, 0, 3, 2, 6, 6, 4, 6, 0, 3, 2, 6, 4, 2, 4, 1, 1, 5, 0, 2, 0, 6, 0, 6, 2, 3, 4, 3, 2, 5, 5, 1, 5, 6, 1, 0, 6, 0, 5, 3, 3, 0, 3, 3]","['y', 'y', 'x', 'z', 'x', 'x', 'h', 'z', 'x', 'x', 'y', 'y', 'x', 'x', 'z', 'y', 'y', 'z', 'x', 'x', 'x', 'h', 'y', 'x', 'z', 'y', 'x', 'x', 'z', 'z', 'y', 'y', 'x', 'z', 'x', 'y', 'z', 'y', 'y', 'y', 'y', 'z', 'y', 'x']",46,44,112.0,112.0,0.10185702169831821,0.007540225982666016,11.0,11.0,0.10329729094386321,0.01053476333618164,11.0,11.0,0.09883807240740984,0.013135910034179688,11.0,11.0,0.09439689325145725,0.016521453857421875,112.0,112.0,4.591280221939087,0.006730318069458008,11.0,11.0,4.22299337387085,0.011477470397949219,11.0,11.0,4.496525764465332,0.013125896453857422,11.0,11.0,4.748290538787842,0.015225887298583984
"[5, 1, 3, 4, 5, 0, 2]","['x', 'h', 'y', 'z', 'z', 'y', 'h']",9,7,19.0,19.0,0.10723478547546002,0.0055353641510009766,13.0,13.0,0.10312489645060721,0.008110523223876953,13.0,13.0,0.09862576098708825,0.008975982666015625,13.0,13.0,0.09418714243620979,0.012472867965698242,19.0,19.0,4.366267442703247,0.004530191421508789,13.0,13.0,4.301100969314575,0.009507417678833008,13.0,13.0,4.246028900146484,0.009581327438354492,13.0,13.0,4.493434429168701,0.013469696044921875
"[4, 6, 3, 2, 5, 5, 6, 1, 0, 1, 3, 3, 1, 2, 5, 3, 1, 6, 0, 4]","['x', 'h', 'z', 'h', 'z', 'x', 'h', 'x', 'y', 'z', 'h', 'y', 'z', 'y', 'y', 'y', 'x', 'z', 'z', 'x']",24,20,48.0,48.0,0.10555378452635959,0.005983829498291016,8.0,8.0,0.10342516571379617,0.008487224578857422,8.0,8.0,0.09895138407867711,0.010455131530761719,8.0,8.0,0.09451534806525029,0.014064311981201172,48.0,48.0,4.22012186050415,0.005983829498291016,8.0,8.0,4.436786413192749,0.009527444839477539,8.0,8.0,4.584979772567749,0.01262974739074707,8.0,8.0,4.354687690734863,0.012473344802856445
"['4', '4', '6', '5', '1', '3', '2', '3', '5', '0', '6', '5', '3,6', '2', '2', '5', '3,6', '0']","['h', 'y', 'y', 'y', 'y', 'z', 'y', 'x', 'h', 'h', 'h', 'z', 'cx', 'y', 'h', 'h', 'swap', 'z']",38,18,87.0,59.0,0.10622636502063415,0.010544061660766602,27.0,19.0,0.10322341109038856,0.012586832046508789,27.0,19.0,0.09874932788507876,0.0145416259765625,39.0,31.0,0.09410443766916075,0.03950071334838867,87.0,59.0,4.228089094161987,0.00955963134765625,27.0,19.0,4.567254066467285,0.013477087020874023,27.0,19.0,5.482009649276733,0.015978574752807617,39.0,31.0,4.278578996658325,0.029275894165039062
"[2, 3, 2, 6, 5, 2, 0, 2, 4, 2, 6, 4, 3, 6, 0, 6, 3, 4, 6, 4, 1, 3, 3, 5, 2]","['x', 'x', 'y', 'x', 'z', 'y', 'y', 'h', 'y', 'x', 'h', 'x', 'z', 'x', 'z', 'z', 'z', 'x', 'z', 'z', 'y', 'y', 'x', 'h', 'x']",28,25,55.0,55.0,0.10523488866862717,0.009869098663330078,15.0,15.0,0.10314539173444466,0.014073610305786133,15.0,15.0,0.09872704966657286,0.018452167510986328,15.0,15.0,0.09419894153236509,0.018057823181152344,55.0,55.0,4.156315088272095,0.006489276885986328,15.0,15.0,4.9497034549713135,0.01053929328918457,15.0,15.0,4.800572395324707,0.012470722198486328,15.0,15.0,5.353787899017334,0.015216350555419922
"['6', '0', '4', '5', '5', '1', '0', '2', '1', '6', '3', '0', '0', '6', '4', '2', '6', '5', '1', '4', '3', '2', '3,6', '3', '4', '3', '0', '4', '4', '4', '2', '0', '3', '4', '2', '6', '4', '2', '2', '2', '6', '2', '3']","['x', 'z', 'z', 'z', 'x', 'x', 'z', 'x', 'z', 'y', 'z', 'x', 'x', 'x', 'y', 'x', 'z', 'z', 'z', 'x', 'y', 'x', 'cx', 'y', 'x', 'z', 'y', 'x', 'z', 'y', 'y', 'y', 'x', 'x', 'y', 'z', 'y', 'y', 'x', 'y', 'y', 'y', 'z']",47,43,118.0,102.0,0.10322237803086638,0.01150369644165039,15.0,11.0,0.10347268763431648,0.010649919509887695,13.0,9.0,0.09917097698988517,0.015027999877929688,23.0,19.0,0.09425440545361853,0.023101806640625,118.0,102.0,4.455387592315674,0.010640621185302734,15.0,11.0,4.643167018890381,0.014546871185302734,13.0,9.0,4.261552572250366,0.012518167495727539,23.0,19.0,4.292766332626343,0.025721311569213867
"['3', '3', '5', '4,1', '1', '2', '5,0', '2']","['h', 'h', 'y', 'swap', 'h', 'x', 'swap', 'h']",32,8,123.0,39.0,0.10977825767094357,0.009108781814575195,38.0,14.0,0.10416039114272026,0.010603189468383789,38.0,14.0,0.09966393142925734,0.011584997177124023,38.0,14.0,0.09543096181608793,0.024024009704589844,123.0,39.0,4.444941520690918,0.008483648300170898,38.0,14.0,4.36919641494751,0.009226799011230469,38.0,14.0,4.547261476516724,0.010663747787475586,38.0,14.0,4.401933193206787,0.02202916145324707
"['4', '6,1', '1', '0,5', '2', '3,2', '2', '1,3']","['h', 'swap', 'h', 'swap', 'y', 'swap', 'h', 'cx']",45,8,154.0,42.0,0.11079895643590569,0.008518457412719727,166.0,42.0,0.1069136637904595,0.01354074478149414,181.0,45.0,0.10301855836320895,0.025744199752807617,76.0,24.0,0.09641130591767637,0.03943061828613281,154.0,42.0,4.358517646789551,0.011617898941040039,166.0,42.0,4.542447090148926,0.015547990798950195,151.0,39.0,4.266969442367554,0.024415016174316406,76.0,24.0,4.284728050231934,0.04372000694274902
"[3, 6, 5, 1, 5, 5, 0, 4, 2, 5, 2, 5, 0, 6, 5, 3, 3, 0, 0, 3, 3, 3, 6, 1, 3, 2, 0, 6, 3, 1, 1, 4, 4, 4, 0]","['h', 'h', 'h', 'h', 'x', 'y', 'h', 'h', 'z', 'x', 'h', 'x', 'z', 'h', 'z', 'x', 'h', 'z', 'z', 'x', 'z', 'y', 'h', 'x', 'h', 'h', 'h', 'y', 'z', 'h', 'z', 'x', 'h', 'x', 'y']",50,35,81.0,81.0,0.10367505666503646,0.007978439331054688,13.0,13.0,0.10317935454396099,0.010478496551513672,13.0,13.0,0.09874094983376323,0.01398468017578125,13.0,13.0,0.09436100039272018,0.020032644271850586,81.0,81.0,4.311262845993042,0.008096933364868164,13.0,13.0,4.2973103523254395,0.011558771133422852,13.0,13.0,4.506410837173462,0.013520240783691406,13.0,13.0,4.443538188934326,0.01568603515625
[5],['z'],1,1,1.0,1.0,0.1082490145981817,0.003989458084106445,1.0,1.0,0.10371860356433553,0.0034949779510498047,1.0,1.0,0.09923393798687784,0.0049896240234375,1.0,1.0,0.09477293196165752,0.0075130462646484375,1.0,1.0,4.352479457855225,0.0025548934936523438,1.0,1.0,4.388240814208984,0.004989147186279297,1.0,1.0,4.262064456939697,0.005495309829711914,1.0,1.0,4.345311880111694,0.00700688362121582
"['4', '0', '5', '2', '0', '0', '3', '1', '4', '4', '1', '1', '5,3', '3', '0', '5', '5', '0', '6', '2', '3', '4', '3', '2', '2', '4', '0', '2', '5', '5', '3', '0', '3', '2', '4', '2', '1', '5', '1']","['z', 'z', 'y', 'x', 'z', 'x', 'y', 'x', 'x', 'z', 'y', 'x', 'swap', 'z', 'x', 'z', 'x', 'y', 'x', 'z', 'z', 'x', 'y', 'y', 'z', 'x', 'y', 'x', 'y', 'x', 'x', 'y', 'x', 'x', 'x', 'y', 'x', 'h', 'y']",50,39,99.0,87.0,0.1038101031470756,0.006531715393066406,29.0,17.0,0.10352526490940614,0.01312875747680664,29.0,17.0,0.09916914499652614,0.020212888717651367,33.0,21.0,0.09498332346601712,0.0448458194732666,99.0,87.0,4.4138336181640625,0.006643056869506836,29.0,17.0,4.260332107543945,0.012633085250854492,29.0,17.0,4.333277940750122,0.013698339462280273,33.0,21.0,4.2989983558654785,0.03588414192199707
"['5,2', '1,0', '2,1']","['swap', 'swap', 'swap']",33,3,75.0,15.0,0.11009257797562434,0.006982564926147461,45.0,9.0,0.10486397981537167,0.005982637405395508,45.0,9.0,0.10036732271051117,0.006955862045288086,45.0,9.0,0.09595379479950251,0.011543750762939453,75.0,15.0,4.289731740951538,0.006982564926147461,45.0,9.0,4.41567325592041,0.0050127506256103516,45.0,9.0,4.637797832489014,0.00597834587097168,45.0,9.0,4.7528276443481445,0.012156248092651367
"['2', '0', '0', '5', '5', '5', '5,3', '5', '4', '1', '4', '5', '5', '2,5']","['z', 'x', 'h', 'x', 'y', 'x', 'swap', 'z', 'h', 'x', 'x', 'y', 'z', 'swap']",36,14,84.0,36.0,0.10838606136070685,0.008568525314331055,42.0,18.0,0.1038783452051659,0.008482933044433594,42.0,18.0,0.09942816280824604,0.011476993560791016,42.0,18.0,0.09510418479460483,0.0199587345123291,84.0,36.0,4.575238227844238,0.010537385940551758,42.0,18.0,4.264801502227783,0.011357784271240234,42.0,18.0,4.211187124252319,0.012585878372192383,42.0,18.0,4.254697322845459,0.02298140525817871
"[0, 3, 6, 1, 5, 3, 3, 2, 6, 1, 5, 1, 4, 2, 0, 3, 1, 6, 6, 6, 1, 4, 6, 2, 6, 3, 1, 5, 6]","['z', 'y', 'h', 'y', 'z', 'z', 'y', 'y', 'z', 'z', 'y', 'y', 'y', 'x', 'x', 'x', 'x', 'y', 'y', 'x', 'z', 'y', 'x', 'z', 'x', 'h', 'x', 'x', 'z']",31,29,73.0,73.0,0.10413133445540748,0.007530927658081055,8.0,8.0,0.10348288076520996,0.010996818542480469,8.0,8.0,0.09896761952112783,0.011161088943481445,8.0,8.0,0.09451574833113982,0.014081716537475586,73.0,73.0,4.470256328582764,0.006981372833251953,8.0,8.0,4.456923007965088,0.010593175888061523,8.0,8.0,4.510843753814697,0.011477947235107422,8.0,8.0,4.36463737487793,0.013471841812133789
"['3', '3', '0', '2', '1', '6', '1', '0', '4,5', '1', '1', '4', '1', '6', '5', '2,6']","['z', 'y', 'h', 'z', 'x', 'h', 'y', 'z', 'cx', 'x', 'z', 'x', 'y', 'y', 'z', 'cx']",26,16,89.0,45.0,0.10775726798450558,0.011562108993530273,21.0,13.0,0.10350440479676684,0.009589433670043945,21.0,13.0,0.09903202135071394,0.01161813735961914,21.0,13.0,0.09471953041979285,0.020599365234375,89.0,45.0,4.3687920570373535,0.010624408721923828,21.0,13.0,4.686978816986084,0.009578943252563477,21.0,13.0,4.2352516651153564,0.012669801712036133,21.0,13.0,4.270954370498657,0.019231796264648438
[0],['z'],1,1,1.0,1.0,0.10823765910972664,0.0034956932067871094,1.0,1.0,0.10374160514524763,0.004495143890380859,1.0,1.0,0.09925678055805301,0.005982875823974609,1.0,1.0,0.09478364592807045,0.00797891616821289,1.0,1.0,4.333850383758545,0.003989696502685547,1.0,1.0,4.348083257675171,0.004464149475097656,1.0,1.0,4.3820366859436035,0.0056552886962890625,1.0,1.0,4.282508373260498,0.00700068473815918
"['5,1', '6,3', '6', '5,3', '0,6', '3', '6', '6,5', '0']","['cx', 'cx', 'h', 'cx', 'cx', 'h', 'h', 'cx', 'h']",33,9,97.0,29.0,0.1096216382739961,0.006985187530517578,112.0,32.0,0.10555024587942609,0.011523246765136719,112.0,32.0,0.10107556501682918,0.01345205307006836,67.0,23.0,0.09603795808952162,0.035683631896972656,97.0,29.0,4.315997362136841,0.0069887638092041016,112.0,32.0,4.262901306152344,0.011677980422973633,112.0,32.0,4.35347056388855,0.0147857666015625,67.0,23.0,4.386821031570435,0.03916049003601074
"[4, 2, 5, 5, 2, 4, 1, 0, 1, 6, 4, 1, 3, 4, 0, 5, 4, 0, 4, 4, 3, 3, 3, 2, 6, 1, 2, 3, 3]","['x', 'h', 'h', 'y', 'h', 'x', 'y', 'z', 'y', 'z', 'h', 'z', 'h', 'h', 'h', 'h', 'z', 'h', 'h', 'x', 'z', 'h', 'x', 'h', 'z', 'z', 'h', 'h', 'y']",43,29,73.0,73.0,0.10415538330734563,0.008576631546020508,9.0,9.0,0.1034594704322946,0.012514829635620117,9.0,9.0,0.09896350968042,0.013518333435058594,9.0,9.0,0.09450231174689648,0.016033411026000977,73.0,73.0,4.329084157943726,0.008504152297973633,9.0,9.0,4.547914505004883,0.010575532913208008,9.0,9.0,5.398473024368286,0.01218414306640625,9.0,9.0,4.272493839263916,0.014591455459594727
"['0,6', '1', '5', '2', '0', '1', '5', '0', '4', '4', '4', '4', '2', '1', '2', '3', '4', '4', '2']","['swap', 'x', 'x', 'y', 'x', 'y', 'z', 'z', 'y', 'x', 'x', 'x', 'x', 'y', 'x', 'x', 'z', 'y', 'x']",29,19,98.0,50.0,0.1075922646440236,0.009555578231811523,24.0,12.0,0.10371177641355256,0.008558988571166992,24.0,12.0,0.09923860340190936,0.010553359985351562,24.0,12.0,0.094857239322517,0.016539812088012695,98.0,50.0,4.420269727706909,0.009626388549804688,24.0,12.0,4.364608526229858,0.009002923965454102,24.0,12.0,4.300868034362793,0.010552644729614258,24.0,12.0,4.412891149520874,0.015466928482055664
"['3,2', '0,1', '5', '6,5', '0', '4']","['cx', 'swap', 'z', 'cx', 'z', 'x']",24,6,43.0,11.0,0.10912735467949511,0.007449150085449219,43.0,11.0,0.10472647626721451,0.01258707046508789,43.0,11.0,0.10023245104765505,0.013674736022949219,43.0,11.0,0.09607601994889613,0.02944183349609375,43.0,11.0,4.326382398605347,0.006482839584350586,43.0,11.0,4.38303804397583,0.013098716735839844,43.0,11.0,4.239886283874512,0.013446807861328125,43.0,11.0,4.2068030834198,0.028448104858398438
"['0', '0,6', '0', '1', '2', '2', '3', '6', '4', '4', '6', '5', '6', '3', '4', '4', '2', '1', '4', '3', '1', '2', '0', '2', '3', '6', '5', '3', '6']","['h', 'cx', 'x', 'y', 'x', 'h', 'h', 'h', 'h', 'x', 'x', 'x', 'z', 'h', 'y', 'y', 'h', 'y', 'h', 'h', 'x', 'h', 'z', 'x', 'h', 'h', 'h', 'z', 'h']",47,29,122.0,82.0,0.10542827486571449,0.01163339614868164,22.0,18.0,0.10308536275875735,0.011559724807739258,22.0,18.0,0.09862432383497076,0.014081716537475586,22.0,18.0,0.094244829490761,0.02014946937561035,122.0,82.0,4.394540548324585,0.013965606689453125,22.0,18.0,4.2688939571380615,0.011631250381469727,22.0,18.0,4.545093297958374,0.016968250274658203,22.0,18.0,4.395037412643433,0.020192384719848633
"['1', '2', '6', '3', '1', '2', '5', '4', '5', '5', '4', '5', '4', '5', '6', '4', '5', '2', '4', '3,0', '6']","['y', 'x', 'z', 'y', 'z', 'x', 'h', 'h', 'z', 'z', 'z', 'z', 'y', 'x', 'x', 'x', 'y', 'y', 'x', 'cx', 'y']",27,21,68.0,52.0,0.10612106184551597,0.010748147964477539,16.0,12.0,0.1034386565475926,0.011706113815307617,16.0,12.0,0.09896225399336127,0.013560056686401367,16.0,12.0,0.09454809552649923,0.018120527267456055,68.0,52.0,4.280986547470093,0.01068425178527832,16.0,12.0,4.354445934295654,0.012175798416137695,16.0,12.0,4.401772737503052,0.011543035507202148,16.0,12.0,4.2755327224731445,0.016569137573242188
"['3', '4,6', '6', '5', '5', '0', '0', '5,4', '1,3', '3', '2', '3', '0', '1']","['y', 'swap', 'h', 'z', 'x', 'z', 'y', 'cx', 'cx', 'x', 'x', 'x', 'z', 'y']",33,14,80.0,36.0,0.10823585400582217,0.009548664093017578,37.0,17.0,0.10383274184473326,0.011475563049316406,37.0,17.0,0.09933663853240486,0.012472867965698242,37.0,17.0,0.0950356292011095,0.021953344345092773,65.0,33.0,4.970853328704834,0.008461713790893555,37.0,17.0,4.254553318023682,0.011042118072509766,37.0,17.0,4.28033709526062,0.012523889541625977,37.0,17.0,4.374573469161987,0.022391080856323242
"[3, 3, 2, 1, 5, 4, 6, 0, 5, 6, 0, 1, 4, 5, 6, 2]","['h', 'y', 'x', 'h', 'h', 'h', 'z', 'x', 'y', 'h', 'h', 'z', 'h', 'y', 'y', 'x']",23,16,46.0,46.0,0.10566269026982267,0.005647420883178711,15.0,15.0,0.10306434063336176,0.010549306869506836,15.0,15.0,0.09856000171327889,0.011188507080078125,15.0,15.0,0.09412029202661938,0.014637947082519531,46.0,46.0,4.396742105484009,0.005501985549926758,15.0,15.0,4.329052448272705,0.012506484985351562,15.0,15.0,4.285820007324219,0.010551691055297852,15.0,15.0,4.548894643783569,0.014470100402832031
"[0, 4, 5, 6, 5, 3, 3, 4, 1, 2, 5, 4, 1, 5, 6, 5, 6, 5, 1, 3, 4, 2]","['h', 'y', 'x', 'y', 'z', 'x', 'z', 'x', 'h', 'h', 'h', 'h', 'h', 'y', 'x', 'h', 'x', 'x', 'x', 'y', 'z', 'h']",30,22,54.0,54.0,0.10519261153090438,0.005494832992553711,10.0,10.0,0.10333145362485215,0.009484291076660156,10.0,10.0,0.0988582915793977,0.01147913932800293,10.0,10.0,0.0943738946735645,0.012985467910766602,54.0,54.0,4.464097023010254,0.005495309829711914,10.0,10.0,4.455431222915649,0.009671211242675781,10.0,10.0,5.044605731964111,0.011483430862426758,10.0,10.0,4.286021947860718,0.016525983810424805
"['6', '2', '0', '1', '0', '4', '1', '3', '2', '5,1', '2', '3', '1', '4', '3', '1', '6', '6', '0', '5', '3', '2', '0', '6', '2', '3', '1', '2', '6', '5', '3', '1', '6', '1', '1', '1', '5']","['y', 'y', 'y', 'x', 'h', 'z', 'y', 'x', 'x', 'cx', 'x', 'y', 'z', 'h', 'y', 'z', 'x', 'z', 'z', 'x', 'z', 'y', 'x', 'z', 'x', 'x', 'y', 'x', 'h', 'z', 'z', 'z', 'z', 'z', 'x', 'x', 'z']",44,37,94.0,78.0,0.10462214153736091,0.011506080627441406,18.0,14.0,0.10331811019476685,0.011536359786987305,18.0,14.0,0.0988576360297011,0.014082908630371094,25.0,21.0,0.09438301090929005,0.03376579284667969,94.0,78.0,4.613231658935547,0.011554479598999023,18.0,14.0,4.480366945266724,0.010480880737304688,18.0,14.0,4.366510629653931,0.013145208358764648,25.0,21.0,4.258471965789795,0.024654388427734375
"[4, 4, 4, 6, 4]","['x', 'x', 'z', 'z', 'x']",5,5,5.0,5.0,0.10799278855204929,0.002991914749145508,3.0,3.0,0.10364783274226545,0.0054895877838134766,3.0,3.0,0.09912883202781811,0.0054912567138671875,3.0,3.0,0.09465900918683935,0.0076313018798828125,5.0,5.0,4.3828980922698975,0.002991914749145508,3.0,3.0,4.349150657653809,0.00598597526550293,3.0,3.0,4.214714288711548,0.006488323211669922,3.0,3.0,4.252247095108032,0.008708953857421875
"['5,1', '6,3', '0,5', '5']","['cx', 'swap', 'swap', 'x']",28,4,66.0,14.0,0.10978243925944928,0.005984067916870117,36.0,8.0,0.1045655694380693,0.005494117736816406,36.0,8.0,0.10008212110756334,0.0070416927337646484,36.0,8.0,0.09571270469081877,0.013547658920288086,66.0,14.0,4.327672004699707,0.006980419158935547,36.0,8.0,4.2959113121032715,0.005489349365234375,36.0,8.0,4.330605506896973,0.006560564041137695,36.0,8.0,4.393352270126343,0.011998891830444336
"['4', '6,2', '6', '4', '0', '6,2', '5', '0', '0,1', '4,3', '5', '5', '5', '5', '1', '6', '0', '2', '0,3', '2']","['z', 'cx', 'z', 'x', 'y', 'cx', 'y', 'x', 'cx', 'cx', 'y', 'z', 'z', 'y', 'x', 'z', 'x', 'z', 'cx', 'z']",40,20,161.0,57.0,0.10962563192076034,0.010561704635620117,154.0,38.0,0.1069069301445128,0.0181272029876709,134.0,34.0,0.10205151231656422,0.023402929306030273,27.0,11.0,0.09571677018451985,0.043866872787475586,161.0,57.0,4.422594308853149,0.013187885284423828,154.0,38.0,4.566641330718994,0.01718926429748535,144.0,36.0,4.2675206661224365,0.02599167823791504,37.0,13.0,4.573469161987305,0.042433977127075195
"['6,1', '1,4', '0']","['cx', 'cx', 'h']",12,3,58.0,14.0,0.10944283139107211,0.006240129470825195,13.0,5.0,0.10386492582693548,0.004978179931640625,13.0,5.0,0.09936100910511965,0.005635738372802734,13.0,5.0,0.09493213401294937,0.009556293487548828,58.0,14.0,4.298885822296143,0.007515430450439453,13.0,5.0,4.421791315078735,0.0050241947174072266,13.0,5.0,4.319464683532715,0.006963491439819336,13.0,5.0,4.690679311752319,0.010650873184204102
"['2', '2', '4', '2', '5', '1,4', '1', '4', '6', '0', '6', '6', '3', '3', '5', '3', '5']","['y', 'x', 'y', 'y', 'x', 'cx', 'x', 'x', 'x', 'z', 'x', 'h', 'x', 'y', 'z', 'z', 'h']",23,17,71.0,43.0,0.10713710021404299,0.009569883346557617,17.0,13.0,0.10336952817376065,0.011236190795898438,15.0,11.0,0.0989727187404522,0.01147913932800293,15.0,11.0,0.09457876547636992,0.016918182373046875,71.0,43.0,4.213282585144043,0.008535623550415039,17.0,13.0,4.3755786418914795,0.011546611785888672,15.0,11.0,4.748295783996582,0.012192487716674805,15.0,11.0,4.431786060333252,0.018067121505737305
"['2', '1', '1,4', '3', '3']","['y', 'h', 'cx', 'h', 'h']",12,5,49.0,21.0,0.10837391659889334,0.0075588226318359375,10.0,6.0,0.10369520661923759,0.007645845413208008,10.0,6.0,0.09919715132531091,0.008558273315429688,10.0,6.0,0.09479230315270126,0.013523578643798828,49.0,21.0,4.321692943572998,0.007939338684082031,10.0,6.0,4.237507104873657,0.00832509994506836,10.0,6.0,4.51683235168457,0.009113550186157227,10.0,6.0,4.41424036026001,0.012674331665039062
"['0', '1', '3,6', '0', '2', '0,3', '6', '6,0']","['x', 'h', 'cx', 'y', 'h', 'cx', 'h', 'swap']",29,8,115.0,35.0,0.10983939175162004,0.009134769439697266,110.0,30.0,0.10576445993349654,0.015765905380249023,80.0,24.0,0.1006149608927285,0.01820540428161621,50.0,18.0,0.09607689267214418,0.047231435775756836,115.0,35.0,4.437283277511597,0.009523630142211914,80.0,24.0,4.3311450481414795,0.014980792999267578,100.0,28.0,4.537205457687378,0.01854705810546875,50.0,18.0,4.253047227859497,0.04324030876159668
"['2', '4', '2', '2', '0', '0', '2', '6,3', '5', '0', '0', '4', '1', '2', '2', '2', '0', '5', '0', '1', '3', '3', '3']","['h', 'z', 'h', 'h', 'h', 'y', 'h', 'swap', 'h', 'h', 'h', 'h', 'h', 'h', 'h', 'z', 'z', 'y', 'x', 'h', 'h', 'h', 'h']",49,23,92.0,68.0,0.10550762696427027,0.009626626968383789,28.0,16.0,0.10352623842013024,0.010635137557983398,28.0,16.0,0.09905080089050929,0.012531042098999023,28.0,16.0,0.0947062393405763,0.020117759704589844,92.0,68.0,4.3938117027282715,0.009528398513793945,28.0,16.0,4.182634353637695,0.011986255645751953,28.0,16.0,4.224283218383789,0.01255178451538086,28.0,16.0,4.182458877563477,0.019053936004638672
"['6,4', '5', '1', '0', '0', '0,2', '5,6', '6,5', '2,0']","['cx', 'h', 'h', 'h', 'h', 'cx', 'swap', 'cx', 'cx']",39,9,77.0,25.0,0.1092029363631771,0.008681297302246094,41.0,13.0,0.10432132643322597,0.007553577423095703,41.0,13.0,0.09984856465366106,0.00956583023071289,40.0,20.0,0.09497983518985843,0.027135133743286133,77.0,25.0,4.284992694854736,0.009012699127197266,41.0,13.0,4.396965265274048,0.008487701416015625,41.0,13.0,4.307896852493286,0.009636402130126953,40.0,20.0,4.277512550354004,0.026949644088745117
"[4, 3, 1, 2, 1, 4, 6, 1, 2, 3, 1, 5, 3, 3, 4, 5, 4, 0, 1, 2]","['h', 'h', 'y', 'x', 'x', 'z', 'h', 'x', 'x', 'y', 'y', 'y', 'z', 'y', 'h', 'h', 'y', 'h', 'y', 'h']",27,20,62.0,62.0,0.10477389842011114,0.0075757503509521484,18.0,18.0,0.10287991322802298,0.010137796401977539,18.0,18.0,0.09839354240821399,0.011558294296264648,18.0,18.0,0.09396548429710591,0.015514373779296875,62.0,62.0,4.310884714126587,0.006587028503417969,18.0,18.0,4.261958122253418,0.010542631149291992,18.0,18.0,4.330124855041504,0.012121438980102539,18.0,18.0,4.266533374786377,0.01901698112487793
[1],['h'],2,1,3.0,3.0,0.1081093870769235,0.0029900074005126953,3.0,3.0,0.10362641029253397,0.004558086395263672,3.0,3.0,0.09917570151855391,0.007529258728027344,3.0,3.0,0.09470432147877204,0.009601593017578125,3.0,3.0,4.23050856590271,0.006361722946166992,3.0,3.0,4.426300048828125,0.004614114761352539,3.0,3.0,4.38075065612793,0.006490230560302734,3.0,3.0,4.169286489486694,0.00698399543762207
"['2,4', '2,3', '2', '6,4', '3', '5,1', '5,6']","['cx', 'cx', 'h', 'cx', 'z', 'cx', 'cx']",28,7,149.0,33.0,0.11150917376360749,0.009065389633178711,119.0,27.0,0.10635360493736395,0.011240959167480469,119.0,27.0,0.10191801305458167,0.014869451522827148,34.0,10.0,0.0959217601227688,0.03522133827209473,119.0,27.0,4.357055902481079,0.008585453033447266,119.0,27.0,4.182560682296753,0.010591983795166016,119.0,27.0,4.278231859207153,0.01508951187133789,44.0,12.0,4.37130069732666,0.031026840209960938
"['1', '1', '2', '2', '6', '2', '1', '0', '4', '5', '5,1', '4', '3', '5', '0', '2', '4', '3', '0', '4,0']","['h', 'z', 'h', 'h', 'h', 'h', 'z', 'x', 'h', 'x', 'cx', 'h', 'h', 'x', 'h', 'z', 'h', 'z', 'h', 'cx']",39,20,110.0,54.0,0.10772648023423882,0.010512351989746094,28.0,20.0,0.1031634723827327,0.012516498565673828,28.0,20.0,0.0987939901688556,0.019019603729248047,28.0,20.0,0.09443545221135528,0.025998592376708984,110.0,54.0,4.769703388214111,0.011523008346557617,28.0,20.0,4.218924522399902,0.009592771530151367,28.0,20.0,4.225091218948364,0.011518478393554688,28.0,20.0,5.744946479797363,0.02095818519592285
"['5', '3', '3', '4', '0', '5,4', '0,4', '4', '4']","['x', 'y', 'y', 'z', 'y', 'cx', 'cx', 'z', 'z']",17,9,74.0,30.0,0.10856280700926964,0.008549690246582031,14.0,6.0,0.10388858237615349,0.008542776107788086,14.0,6.0,0.09939066964268063,0.009461402893066406,14.0,6.0,0.09501133430820782,0.015536069869995117,74.0,30.0,4.589818000793457,0.007561445236206055,14.0,6.0,4.150373697280884,0.008530378341674805,14.0,6.0,4.203130006790161,0.009636640548706055,14.0,6.0,4.283505201339722,0.016582489013671875
"['2,5', '3,5', '0,2', '3,2', '3', '5,3', '4']","['swap', 'cx', 'cx', 'cx', 'y', 'cx', 'z']",33,7,86.0,22.0,0.1098809074959542,0.008018732070922852,83.0,19.0,0.10564081886915254,0.012540340423583984,58.0,14.0,0.10063825077290668,0.016393184661865234,43.0,11.0,0.09631698549748834,0.03991961479187012,101.0,25.0,4.339346408843994,0.007561922073364258,68.0,16.0,4.448203802108765,0.012566328048706055,58.0,14.0,4.332327604293823,0.018700361251831055,43.0,11.0,4.472754240036011,0.03541851043701172
"['5', '0', '6,0', '0', '4', '0,6', '4', '1', '2,6', '2', '3']","['h', 'h', 'cx', 'h', 'x', 'cx', 'h', 'y', 'cx', 'h', 'h']",29,11,99.0,39.0,0.10876101319699269,0.00994563102722168,35.0,23.0,0.10307982223646867,0.008975505828857422,35.0,23.0,0.09861889297456962,0.011502265930175781,35.0,27.0,0.09402063510058917,0.025712966918945312,99.0,39.0,4.397387504577637,0.008487224578857422,35.0,23.0,4.206944465637207,0.010586738586425781,35.0,23.0,4.505539655685425,0.011527776718139648,35.0,27.0,4.320805549621582,0.023107051849365234
"[2, 0, 5, 0, 5, 1, 4]","['z', 'y', 'h', 'y', 'x', 'h', 'h']",10,7,21.0,21.0,0.10712844033707106,0.005983114242553711,10.0,10.0,0.1033084849425063,0.008485555648803711,10.0,10.0,0.09883662239041924,0.010536909103393555,10.0,10.0,0.09440848751598988,0.01448965072631836,21.0,21.0,4.3371241092681885,0.004986286163330078,10.0,10.0,4.252116441726685,0.00751185417175293,10.0,10.0,4.358098268508911,0.010549545288085938,10.0,10.0,4.300038576126099,0.013476848602294922
"['3,1', '0,6', '4,1', '1']","['swap', 'swap', 'cx', 'x']",28,4,126.0,26.0,0.11119140269695219,0.00754237174987793,36.0,8.0,0.10455390689632912,0.004987001419067383,36.0,8.0,0.10006206943142615,0.006169795989990234,36.0,8.0,0.09567816667933716,0.012045860290527344,126.0,26.0,4.550312519073486,0.005563020706176758,36.0,8.0,4.252715587615967,0.005493879318237305,36.0,8.0,4.748960971832275,0.0065460205078125,36.0,8.0,4.263785123825073,0.012726306915283203
"['0', '3', '0', '5', '1,6', '4', '3', '2', '1', '1', '3,5', '3', '5', '4', '5', '5,3', '6']","['z', 'x', 'y', 'z', 'cx', 'z', 'z', 'x', 'x', 'x', 'cx', 'x', 'y', 'h', 'x', 'cx', 'y']",30,17,103.0,43.0,0.10859780784696847,0.01299285888671875,27.0,15.0,0.10355796660721572,0.00947880744934082,27.0,15.0,0.09910948945264716,0.012547016143798828,27.0,15.0,0.09480909422792205,0.022054195404052734,103.0,43.0,4.362991571426392,0.009479045867919922,27.0,15.0,4.30486273765564,0.010621309280395508,27.0,15.0,4.707852840423584,0.014127731323242188,27.0,15.0,4.36869215965271,0.021094799041748047
"['1', '0', '2', '5', '3', '4,0', '5,2', '2', '0', '4', '4', '0', '5', '2,6', '5', '1', '4,0', '2', '3,0', '2', '5', '4', '5', '5', '2']","['h', 'x', 'x', 'x', 'z', 'cx', 'cx', 'y', 'y', 'x', 'z', 'x', 'y', 'cx', 'z', 'z', 'cx', 'x', 'cx', 'y', 'z', 'z', 'z', 'h', 'y']",47,25,219.0,79.0,0.10991791178942446,0.01145792007446289,42.0,22.0,0.10351982308281625,0.010548830032348633,40.0,20.0,0.10077395691718175,0.08257889747619629,30.0,18.0,0.0947942863471401,0.029018163681030273,219.0,79.0,4.584898471832275,0.011537790298461914,42.0,22.0,4.425556659698486,0.012074947357177734,40.0,20.0,4.3438544273376465,0.014736652374267578,30.0,18.0,5.759919166564941,0.02904486656188965
"[1, 4, 0, 4, 5, 5, 6, 2, 2, 4, 1, 1, 0, 5, 3, 4, 4, 2, 3, 4, 4, 6, 6]","['z', 'h', 'x', 'y', 'x', 'y', 'z', 'z', 'y', 'y', 'y', 'x', 'z', 'y', 'x', 'x', 'x', 'x', 'y', 'x', 'x', 'z', 'y']",24,23,57.0,57.0,0.10500577156403965,0.0049784183502197266,9.0,9.0,0.10339011477151815,0.009499073028564453,9.0,9.0,0.0989210321482803,0.011671304702758789,9.0,9.0,0.09444504082612724,0.013543128967285156,57.0,57.0,4.258577585220337,0.0059833526611328125,9.0,9.0,4.20792818069458,0.008978128433227539,9.0,9.0,4.348243236541748,0.010591983795166016,9.0,9.0,4.204064607620239,0.013292789459228516
"[4, 4, 1, 3, 6]","['h', 'x', 'y', 'h', 'y']",7,5,17.0,17.0,0.10732868398961287,0.004546403884887695,10.0,10.0,0.10327454458831181,0.007009744644165039,10.0,10.0,0.09881356597856336,0.009534358978271484,10.0,10.0,0.0943400475319744,0.011513710021972656,17.0,17.0,4.300293445587158,0.00498652458190918,10.0,10.0,4.425083637237549,0.008976459503173828,10.0,10.0,4.3518617153167725,0.009654045104980469,10.0,10.0,4.233825206756592,0.012549400329589844
"[0, 1, 0]","['z', 'y', 'x']",3,3,7.0,7.0,0.10789954252612731,0.004009246826171875,4.0,4.0,0.10366012283683966,0.008559942245483398,4.0,4.0,0.09913968006857113,0.008498907089233398,4.0,4.0,0.09465630301829207,0.010049581527709961,7.0,7.0,4.378633260726929,0.003989696502685547,4.0,4.0,4.288814306259155,0.00598597526550293,4.0,4.0,4.453826665878296,0.007534980773925781,4.0,4.0,4.4508655071258545,0.010530471801757812
"['5', '1,6', '5', '5', '2']","['z', 'cx', 'z', 'z', 'z']",9,5,39.0,11.0,0.1089142836475765,0.005695819854736328,7.0,3.0,0.10382199025338949,0.005550861358642578,7.0,3.0,0.09931371447154383,0.006018877029418945,7.0,3.0,0.09492174608762609,0.011544227600097656,39.0,11.0,4.458622932434082,0.005942821502685547,7.0,3.0,4.360218524932861,0.006491184234619141,7.0,3.0,4.250814914703369,0.006536245346069336,7.0,3.0,4.25206995010376,0.011553525924682617
"['5', '1', '5', '5,2', '5', '5', '6', '0', '3', '3']","['h', 'h', 'h', 'cx', 'x', 'h', 'h', 'h', 'h', 'h']",22,10,60.0,32.0,0.10775826914448705,0.008684396743774414,17.0,13.0,0.10328586711975422,0.007598400115966797,17.0,13.0,0.09881012253684815,0.009480953216552734,17.0,13.0,0.09442995377203,0.015519380569458008,60.0,32.0,4.254367828369141,0.010082006454467773,17.0,13.0,4.175921201705933,0.006987810134887695,17.0,13.0,4.606771230697632,0.009012222290039062,17.0,13.0,4.501073360443115,0.01946854591369629
"[6, 0, 1, 3, 5, 4, 5, 6, 1, 5, 1, 4, 4, 3, 3, 1, 0, 2, 4, 6, 4, 2, 3]","['h', 'h', 'z', 'x', 'h', 'z', 'y', 'h', 'x', 'z', 'z', 'h', 'z', 'h', 'h', 'h', 'y', 'h', 'z', 'y', 'x', 'y', 'z']",32,23,57.0,57.0,0.10504459187222981,0.006666421890258789,19.0,19.0,0.10280818038436187,0.009554624557495117,19.0,19.0,0.09833743638352774,0.01165461540222168,19.0,19.0,0.0939004682440568,0.015223264694213867,57.0,57.0,4.198960781097412,0.0055658817291259766,19.0,19.0,4.472906112670898,0.011690855026245117,19.0,19.0,4.257400989532471,0.01152181625366211,19.0,19.0,4.294392347335815,0.017167329788208008
"[0, 3, 1, 2]","['h', 'h', 'z', 'h']",7,4,10.0,10.0,0.10770118806107058,0.0029921531677246094,10.0,10.0,0.10325095631630135,0.005984067916870117,10.0,10.0,0.09872153772253743,0.005532741546630859,10.0,10.0,0.09429417596441525,0.009519100189208984,10.0,10.0,4.330614328384399,0.0045719146728515625,10.0,10.0,4.284353733062744,0.006984233856201172,10.0,10.0,4.310282468795776,0.006556034088134766,10.0,10.0,4.256543397903442,0.009482860565185547
"['3', '0,2', '4', '6,3']","['h', 'cx', 'h', 'cx']",14,4,46.0,14.0,0.10899883290442565,0.009468555450439453,16.0,8.0,0.10372480730725836,0.006493330001831055,16.0,8.0,0.09919412760178771,0.0059871673583984375,16.0,8.0,0.0948014080339403,0.011479854583740234,46.0,14.0,4.212457895278931,0.007707357406616211,16.0,8.0,4.374149322509766,0.006033182144165039,16.0,8.0,4.4283716678619385,0.006983518600463867,16.0,8.0,4.387954235076904,0.010554075241088867
"['6,2', '4', '3', '0,3', '4', '5,3', '5', '1,4', '3', '6,0', '3', '6,5', '0']","['cx', 'h', 'h', 'cx', 'x', 'cx', 'h', 'cx', 'x', 'cx', 'x', 'cx', 'h']",41,13,240.0,60.0,0.11273539287195991,0.010670661926269531,207.0,51.0,0.10781777193527044,0.015584945678710938,207.0,51.0,0.10340903076565301,0.02038097381591797,72.0,24.0,0.09637003668187671,0.04514765739440918,225.0,57.0,4.279013156890869,0.009517669677734375,207.0,51.0,4.8028342723846436,0.015166521072387695,192.0,48.0,4.400795936584473,0.02285313606262207,72.0,24.0,4.310868740081787,0.048749446868896484
"[2, 4, 4, 6, 1, 0, 1]","['x', 'x', 'y', 'x', 'y', 'y', 'h']",8,7,21.0,21.0,0.10710552648566898,0.004986763000488281,8.0,8.0,0.10340223541311097,0.0074901580810546875,8.0,8.0,0.09893003839226691,0.009526968002319336,8.0,8.0,0.09446873079685583,0.012037277221679688,21.0,21.0,4.294438123703003,0.005537509918212891,8.0,8.0,4.536885976791382,0.009531021118164062,8.0,8.0,4.341196298599243,0.010458230972290039,8.0,8.0,4.312812805175781,0.012555599212646484
"['2', '2', '1', '4', '3', '6', '6', '0', '1', '2', '6', '6', '2', '1,0', '3', '6', '1', '6', '5', '2', '4', '1', '5', '1', '6', '3']","['z', 'h', 'h', 'z', 'z', 'h', 'h', 'h', 'x', 'y', 'h', 'x', 'x', 'swap', 'h', 'x', 'x', 'h', 'y', 'x', 'h', 'h', 'h', 'x', 'x', 'h']",48,26,72.0,60.0,0.10537281129513928,0.006011486053466797,35.0,23.0,0.10311796264095605,0.01063394546508789,35.0,23.0,0.09866582826243794,0.013543128967285156,35.0,23.0,0.09433536923124296,0.021743059158325195,72.0,60.0,4.249339818954468,0.0063436031341552734,35.0,23.0,4.370109796524048,0.010584115982055664,35.0,23.0,4.281778335571289,0.013521432876586914,35.0,23.0,4.4844043254852295,0.021955490112304688
"['2', '6', '5,6', '3', '5', '3,2', '6', '0', '6,4', '4', '4,3', '0,1']","['h', 'h', 'cx', 'h', 'z', 'cx', 'h', 'z', 'cx', 'y', 'cx', 'cx']",36,12,104.0,36.0,0.10929725383879216,0.010631799697875977,71.0,27.0,0.10440277156037422,0.016552209854125977,71.0,27.0,0.09994531858031028,0.019230127334594727,71.0,27.0,0.0960512699967807,0.04640626907348633,104.0,36.0,4.860909461975098,0.011270999908447266,86.0,30.0,4.571680068969727,0.0165402889251709,71.0,27.0,4.592198848724365,0.02069091796875,71.0,27.0,4.324483633041382,0.04867053031921387
"[2, 4, 0, 4, 5, 4, 6, 2, 5, 2, 6, 0, 6, 1, 5, 3]","['z', 'y', 'h', 'h', 'y', 'x', 'x', 'h', 'y', 'z', 'y', 'z', 'x', 'y', 'y', 'z']",19,16,46.0,46.0,0.10564749113220924,0.00498652458190918,16.0,16.0,0.10296043847498998,0.008567333221435547,16.0,16.0,0.09850950489414045,0.011528730392456055,16.0,16.0,0.09403714338046508,0.013558387756347656,46.0,46.0,4.409650802612305,0.004986286163330078,16.0,16.0,4.38412880897522,0.016987323760986328,16.0,16.0,4.4795427322387695,0.011525154113769531,16.0,16.0,4.227849006652832,0.013570547103881836
"[5, 4, 5, 6, 6, 1, 3, 1, 3, 0]","['z', 'y', 'x', 'y', 'z', 'y', 'x', 'x', 'z', 'y']",10,10,26.0,26.0,0.10677973890124881,0.0035004615783691406,10.0,10.0,0.10328756693745751,0.00757598876953125,10.0,10.0,0.09876735445915283,0.007524967193603516,10.0,10.0,0.09434017912623946,0.011519432067871094,26.0,26.0,4.263871192932129,0.00498652458190918,10.0,10.0,4.393134593963623,0.0074880123138427734,10.0,10.0,4.2459022998809814,0.009706974029541016,10.0,10.0,4.489782810211182,0.012499094009399414
"['3', '2', '4,1', '6', '1,2', '4', '0']","['z', 'y', 'cx', 'h', 'cx', 'z', 'y']",16,7,70.0,26.0,0.10879637690943571,0.008562088012695312,19.0,11.0,0.10359675707830533,0.008533239364624023,19.0,11.0,0.09914928881310217,0.011645317077636719,19.0,11.0,0.09480114131944653,0.019076108932495117,70.0,26.0,4.4128594398498535,0.008646488189697266,19.0,11.0,5.329875469207764,0.00897669792175293,19.0,11.0,4.256705045700073,0.010559558868408203,19.0,11.0,4.877190351486206,0.018100976943969727
"['0', '0', '5', '4', '1', '1', '3', '3', '2', '2', '0', '3', '0', '1', '2,1', '6', '2']","['z', 'y', 'h', 'x', 'h', 'y', 'h', 'h', 'h', 'y', 'y', 'z', 'y', 'z', 'swap', 'h', 'h']",34,17,65.0,53.0,0.10577276922014335,0.005650997161865234,33.0,21.0,0.1032326585320814,0.010549306869506836,33.0,21.0,0.09877285878762404,0.013125181198120117,37.0,25.0,0.09446078900908136,0.032268524169921875,65.0,53.0,4.253990173339844,0.006569623947143555,33.0,21.0,4.3798863887786865,0.011544227600097656,33.0,21.0,4.401679515838623,0.012624740600585938,37.0,25.0,4.2752931118011475,0.029734373092651367
"['1,4', '0,4', '3', '1,0', '3,6', '1,0', '3,4', '2', '4,5', '5', '6', '4,6']","['swap', 'cx', 'x', 'cx', 'cx', 'cx', 'cx', 'x', 'cx', 'y', 'z', 'cx']",50,12,163.0,39.0,0.11150356444116694,0.009014129638671875,125.0,29.0,0.10646432800669453,0.013615846633911133,140.0,32.0,0.10238242452020355,0.017696857452392578,75.0,19.0,0.09707029364872391,0.04789376258850098,253.0,57.0,4.320998430252075,0.008772850036621094,110.0,26.0,4.422797918319702,0.01442861557006836,110.0,26.0,4.338908910751343,0.02279520034790039,94.0,34.0,4.432443618774414,0.061223745346069336
"['1', '0', '5', '2', '3', '5', '4', '4', '3', '5', '1,4', '6', '4', '1', '1', '3', '0', '2', '1', '2', '6', '3', '3', '5', '5', '6', '2', '2,3', '3', '3,6', '5', '4', '3', '5']","['x', 'h', 'x', 'y', 'y', 'z', 'z', 'h', 'x', 'y', 'cx', 'y', 'z', 'y', 'y', 'h', 'h', 'h', 'z', 'x', 'x', 'y', 'x', 'y', 'z', 'y', 'z', 'cx', 'x', 'cx', 'x', 'z', 'y', 'x']",51,34,156.0,96.0,0.10544902560562508,0.01048135757446289,31.0,19.0,0.10337059177717707,0.011475086212158203,31.0,19.0,0.09892036003240783,0.014467000961303711,34.0,22.0,0.09468538008073271,0.03442645072937012,156.0,96.0,4.334160089492798,0.014508724212646484,31.0,19.0,4.204895734786987,0.014484167098999023,31.0,19.0,4.779409885406494,0.015609264373779297,34.0,22.0,4.412949562072754,0.03373408317565918
"['0', '0', '5', '4', '2,3', '2', '3,6', '4', '5', '0', '6', '6', '2', '2', '1', '3', '4']","['h', 'h', 'h', 'z', 'cx', 'z', 'cx', 'h', 'y', 'h', 'h', 'z', 'z', 'y', 'h', 'x', 'h']",33,17,94.0,50.0,0.10741894604633927,0.009530782699584961,26.0,18.0,0.10323442963001159,0.01052999496459961,26.0,18.0,0.09876222164297876,0.012566328048706055,26.0,18.0,0.09441551620314431,0.020059823989868164,94.0,50.0,4.226495981216431,0.009566307067871094,26.0,18.0,4.156273365020752,0.010556697845458984,26.0,18.0,4.368622303009033,0.012577533721923828,26.0,18.0,6.421823501586914,0.019960403442382812
"['5', '3', '4,3']","['x', 'y', 'cx']",7,3,26.0,10.0,0.108473451909405,0.006525993347167969,8.0,4.0,0.10378949991618559,0.006674051284790039,8.0,4.0,0.09926769734051152,0.0065538883209228516,8.0,4.0,0.09486384709107852,0.011562585830688477,26.0,10.0,4.402963638305664,0.004983186721801758,8.0,4.0,4.616666793823242,0.006613969802856445,8.0,4.0,5.226571559906006,0.007046222686767578,8.0,4.0,4.240891695022583,0.011478424072265625
"[3, 5, 2, 2, 2, 1, 1, 3, 2, 2, 1, 6, 6, 4, 5, 3, 5, 2]","['h', 'h', 'h', 'h', 'x', 'h', 'h', 'z', 'z', 'h', 'h', 'h', 'y', 'x', 'y', 'h', 'y', 'x']",28,18,50.0,50.0,0.10547255744331231,0.007523775100708008,14.0,14.0,0.10311156952825143,0.010066986083984375,14.0,14.0,0.09866513208479116,0.013223886489868164,14.0,14.0,0.09419885132278003,0.015517950057983398,50.0,50.0,4.345328092575073,0.009644269943237305,14.0,14.0,4.215764045715332,0.009974002838134766,14.0,14.0,4.215418100357056,0.011444568634033203,14.0,14.0,4.2199108600616455,0.014575004577636719
"['0', '0', '5', '5', '0', '3,0', '0', '5,4', '0,3', '1']","['z', 'y', 'x', 'y', 'h', 'cx', 'y', 'cx', 'cx', 'h']",24,10,53.0,29.0,0.10775739190783308,0.008549928665161133,24.0,12.0,0.10371299914359866,0.00861215591430664,24.0,12.0,0.09923827441624673,0.010539054870605469,24.0,12.0,0.09493792853937101,0.02004837989807129,53.0,29.0,4.30344820022583,0.009611845016479492,24.0,12.0,4.192221403121948,0.009482860565185547,24.0,12.0,5.348221778869629,0.011525392532348633,24.0,12.0,4.329450368881226,0.01955890655517578
"[0, 2, 1, 3, 0, 4, 4, 5, 0, 3, 1]","['x', 'x', 'y', 'x', 'y', 'z', 'z', 'z', 'y', 'z', 'h']",12,11,25.0,25.0,0.10689516652400136,0.005983591079711914,8.0,8.0,0.10341346479039536,0.007978439331054688,8.0,8.0,0.09895205301619112,0.01048421859741211,8.0,8.0,0.09451658176148514,0.014117956161499023,25.0,25.0,4.202164173126221,0.00798177719116211,8.0,8.0,4.330798864364624,0.008485794067382812,8.0,8.0,4.136339426040649,0.01053309440612793,8.0,8.0,4.5273096561431885,0.01258087158203125
"['5', '5', '0', '3', '3,4', '6', '4', '6', '3', '6', '5', '3', '1', '4', '0,1', '0']","['x', 'z', 'y', 'z', 'swap', 'z', 'y', 'x', 'h', 'z', 'z', 'z', 'x', 'z', 'swap', 'x']",37,16,69.0,33.0,0.10803668815969036,0.008303642272949219,41.0,17.0,0.10396079201523992,0.009531974792480469,41.0,17.0,0.09953350153734464,0.013521432876586914,41.0,17.0,0.09518795303042377,0.021065235137939453,69.0,33.0,4.604996681213379,0.009499788284301758,41.0,17.0,4.219050884246826,0.011414289474487305,41.0,17.0,4.604493141174316,0.012475013732910156,41.0,17.0,4.3845038414001465,0.026647329330444336
"[4, 6, 5, 3, 2, 5, 5, 5]","['x', 'x', 'y', 'x', 'y', 'z', 'y', 'x']",8,8,20.0,20.0,0.10714090641360964,0.003989219665527344,7.0,7.0,0.1034375276115416,0.006488800048828125,7.0,7.0,0.0989643545998984,0.008483171463012695,7.0,7.0,0.0945141338213179,0.011475563049316406,20.0,20.0,4.830162286758423,0.003989696502685547,7.0,7.0,4.235445261001587,0.00623631477355957,7.0,7.0,4.2213969230651855,0.008486509323120117,7.0,7.0,4.3082451820373535,0.010575056076049805
"['3', '2', '3', '3', '2', '2', '5', '5', '5,2', '0', '3', '0', '2', '2', '5']","['x', 'y', 'h', 'y', 'x', 'z', 'h', 'y', 'swap', 'y', 'y', 'z', 'h', 'x', 'x']",28,15,85.0,49.0,0.10710937208888505,0.008556842803955078,26.0,14.0,0.10364189385277159,0.010592222213745117,26.0,14.0,0.09914431558805573,0.011525392532348633,31.0,19.0,0.0948223403380486,0.03277397155761719,85.0,49.0,4.334874391555786,0.008546829223632812,26.0,14.0,4.247843265533447,0.010478734970092773,26.0,14.0,4.344370126724243,0.012560844421386719,31.0,19.0,4.469707489013672,0.03278827667236328
"[3, 1, 5, 0, 0, 1, 3, 0, 4, 2, 6, 3, 4, 4, 6, 4, 0, 2, 4, 4, 5, 1, 0, 0, 0, 4, 6, 3, 4, 2, 1, 2, 5, 2, 2, 0, 2, 6, 4, 6]","['y', 'x', 'z', 'x', 'h', 'y', 'x', 'z', 'z', 'x', 'z', 'x', 'y', 'z', 'z', 'z', 'x', 'x', 'x', 'x', 'z', 'z', 'z', 'x', 'x', 'x', 'z', 'h', 'y', 'x', 'h', 'y', 'y', 'x', 'y', 'h', 'x', 'y', 'z', 'x']",44,40,80.0,80.0,0.10372211558400043,0.007488727569580078,12.0,12.0,0.10323773056971937,0.010480880737304688,12.0,12.0,0.09874160532501346,0.011477231979370117,12.0,12.0,0.09430298129104062,0.014973878860473633,80.0,80.0,4.549763202667236,0.007488727569580078,12.0,12.0,4.27734375,0.011479377746582031,12.0,12.0,4.400253772735596,0.011477231979370117,12.0,12.0,4.312983512878418,0.01658320426940918
"[0, 2, 0, 5, 2, 5, 5, 1]","['x', 'y', 'h', 'y', 'x', 'y', 'h', 'y']",10,8,28.0,28.0,0.10671068977081317,0.005569934844970703,9.0,9.0,0.10336844558253969,0.008556842803955078,9.0,9.0,0.09887193652122737,0.009536504745483398,9.0,9.0,0.0943993830992488,0.011557817459106445,28.0,28.0,4.205925226211548,0.004571199417114258,9.0,9.0,4.24303126335144,0.008580446243286133,9.0,9.0,4.2546515464782715,0.00953984260559082,9.0,9.0,4.535737037658691,0.011554241180419922
"['1', '5', '2', '2', '1', '4', '1', '0', '0', '2', '4', '6,0', '5', '3', '0', '2', '0', '5', '4', '4', '6', '2', '4', '3', '6', '1', '2', '4', '5', '6', '1', '6', '4', '6', '0', '4', '0', '6']","['z', 'y', 'z', 'x', 'y', 'y', 'z', 'z', 'x', 'x', 'z', 'cx', 'y', 'x', 'y', 'x', 'x', 'z', 'z', 'x', 'x', 'z', 'y', 'z', 'z', 'y', 'y', 'x', 'x', 'y', 'y', 'x', 'z', 'z', 'x', 'x', 'y', 'h']",43,38,133.0,93.0,0.10478512969300685,0.011563301086425781,19.0,15.0,0.10326369296314876,0.011706113815307617,19.0,15.0,0.09882546371197107,0.015219926834106445,27.0,23.0,0.09408896300108843,0.026051759719848633,133.0,93.0,4.1839518547058105,0.012155532836914062,19.0,15.0,4.35901951789856,0.011588335037231445,19.0,15.0,4.13782000541687,0.013478517532348633,27.0,23.0,4.380971431732178,0.02469658851623535
"['3,6', '5', '5', '0,4', '0', '2,5', '1']","['cx', 'h', 'h', 'cx', 'z', 'cx', 'y']",21,7,117.0,33.0,0.1101154640608763,0.00855565071105957,108.0,24.0,0.10623649908168044,0.013564109802246094,98.0,22.0,0.10156055482788032,0.016692638397216797,33.0,9.0,0.09594617934504955,0.033747196197509766,117.0,33.0,5.543481111526489,0.008013725280761719,108.0,24.0,4.483325958251953,0.016299724578857422,98.0,22.0,4.362824201583862,0.018557310104370117,33.0,9.0,4.551079511642456,0.03277134895324707
"['3', '6', '6', '6,4', '1', '6,2', '0', '0', '4', '5', '1', '3', '0', '5', '1']","['h', 'h', 'z', 'cx', 'h', 'cx', 'h', 'h', 'h', 'z', 'h', 'h', 'h', 'h', 'h']",34,15,90.0,46.0,0.10767723921905187,0.010618209838867188,25.0,17.0,0.10326989180436791,0.009536027908325195,25.0,17.0,0.09879670782653595,0.011529922485351562,25.0,17.0,0.09446290959086528,0.01958465576171875,90.0,46.0,4.256213188171387,0.013312816619873047,25.0,17.0,4.529320001602173,0.009443044662475586,25.0,17.0,4.537957429885864,0.01202392578125,25.0,17.0,4.25362753868103,0.01847052574157715
"['1', '1,6', '1', '1']","['h', 'cx', 'h', 'h']",11,4,44.0,16.0,0.10866301131574167,0.007449626922607422,8.0,4.0,0.10381003958772236,0.007567167282104492,8.0,4.0,0.09929078665093366,0.007557868957519531,8.0,4.0,0.09488751212641025,0.01259160041809082,44.0,16.0,4.235018253326416,0.0075168609619140625,8.0,4.0,4.365854501724243,0.0069811344146728516,8.0,4.0,4.20359206199646,0.006981372833251953,8.0,4.0,4.8631391525268555,0.011645317077636719
"['6,3', '5', '5', '5,3', '2', '1', '3', '5', '4', '4,1', '6,2']","['cx', 'h', 'h', 'cx', 'h', 'h', 'y', 'x', 'h', 'cx', 'cx']",32,11,161.0,49.0,0.11039273133402855,0.008606433868408203,152.0,40.0,0.10798850490160285,0.07774019241333008,142.0,38.0,0.10188724123065374,0.018892288208007812,77.0,25.0,0.09654441051375649,0.04775428771972656,146.0,46.0,4.41149640083313,0.009548425674438477,112.0,32.0,4.252328395843506,0.014241218566894531,142.0,38.0,4.457507610321045,0.018627405166625977,47.0,19.0,4.37752103805542,0.04111075401306152
"[2, 5, 4, 2, 2, 6, 0, 6, 4, 2, 6]","['x', 'h', 'x', 'h', 'y', 'z', 'h', 'h', 'h', 'h', 'h']",18,11,29.0,29.0,0.10665148579780383,0.0055315494537353516,11.0,11.0,0.10325103007660327,0.008523225784301758,11.0,11.0,0.09875493773046363,0.009521007537841797,11.0,11.0,0.09428181406666983,0.011517524719238281,29.0,29.0,4.591937065124512,0.0055310726165771484,11.0,11.0,4.409323215484619,0.008482933044433594,11.0,11.0,4.1517627239227295,0.010970592498779297,11.0,11.0,4.385454416275024,0.012510538101196289
"['0', '6', '4', '1', '5', '2', '6', '0', '2', '3', '1', '1', '0', '3', '3', '2', '2', '5', '2', '3', '0', '3', '1', '3', '4', '5,1', '4', '3', '1', '3', '0', '0', '2', '1', '5', '2', '4', '2', '0', '3', '3', '5', '1']","['y', 'y', 'x', 'y', 'x', 'z', 'y', 'z', 'z', 'x', 'z', 'x', 'y', 'y', 'z', 'y', 'z', 'y', 'x', 'y', 'z', 'z', 'x', 'y', 'x', 'cx', 'y', 'x', 'y', 'y', 'y', 'x', 'x', 'x', 'x', 'z', 'z', 'z', 'x', 'y', 'h', 'x', 'z']",48,43,124.0,108.0,0.1029437146395984,0.014602422714233398,14.0,10.0,0.10355162526398914,0.01154637336730957,14.0,10.0,0.09905554388403826,0.012544631958007812,22.0,18.0,0.09435825826414092,0.025081634521484375,124.0,108.0,4.413764476776123,0.01211237907409668,14.0,10.0,4.176762104034424,0.011587381362915039,14.0,10.0,4.3927671909332275,0.013472318649291992,22.0,18.0,4.324281215667725,0.030227184295654297
"['4', '0', '2', '3', '4', '2', '1,4', '3', '6', '2', '0', '3', '3', '3,1', '4', '1,6', '6,2', '1', '6', '2', '6', '1', '2', '1']","['y', 'h', 'y', 'x', 'y', 'y', 'cx', 'y', 'x', 'x', 'z', 'y', 'x', 'cx', 'x', 'cx', 'cx', 'y', 'z', 'x', 'x', 'y', 'z', 'z']",41,24,149.0,73.0,0.10757469587757032,0.014537811279296875,31.0,15.0,0.10375570690725584,0.010565519332885742,29.0,13.0,0.09944485594449783,0.01454615592956543,29.0,13.0,0.09533886931400862,0.032506704330444336,164.0,76.0,4.342796325683594,0.015305042266845703,31.0,15.0,4.239819765090942,0.010480403900146484,29.0,13.0,4.369060039520264,0.0165097713470459,29.0,13.0,4.838733673095703,0.027067184448242188
"['1', '1', '5', '1', '0', '3', '6', '2', '6', '5', '3', '4', '5', '1,2', '3', '6', '2', '3', '5', '4', '6', '1', '2', '4', '5', '6', '3', '0', '2', '2', '2', '1', '1', '2', '3', '3', '5']","['y', 'x', 'x', 'x', 'x', 'z', 'h', 'y', 'x', 'z', 'z', 'y', 'x', 'cx', 'y', 'x', 'z', 'z', 'x', 'y', 'x', 'z', 'x', 'z', 'x', 'y', 'z', 'h', 'x', 'x', 'x', 'z', 'x', 'z', 'z', 'z', 'x']",43,37,69.0,65.0,0.10474780979861835,0.006537675857543945,21.0,17.0,0.10312082493311367,0.010565757751464844,21.0,17.0,0.09864742163150662,0.012550115585327148,26.0,22.0,0.09405399482817037,0.02199530601501465,69.0,65.0,4.346147537231445,0.0065402984619140625,21.0,17.0,4.491320371627808,0.01272892951965332,21.0,17.0,4.327824831008911,0.012619256973266602,26.0,22.0,4.296297311782837,0.027347326278686523
"['5', '2,5', '0', '0', '1,5', '2', '0']","['y', 'cx', 'h', 'z', 'cx', 'y', 'z']",16,7,70.0,26.0,0.10878390286972771,0.008019685745239258,17.0,9.0,0.10372439307216073,0.009011268615722656,17.0,9.0,0.09924082959667285,0.010553836822509766,17.0,9.0,0.09486016187026639,0.016570568084716797,70.0,26.0,4.562409162521362,0.008520364761352539,17.0,9.0,4.37732720375061,0.009564638137817383,17.0,9.0,4.240188121795654,0.011516809463500977,17.0,9.0,4.640400171279907,0.018964290618896484
"['3', '5', '4', '5', '3', '5', '2', '5', '6', '6', '0', '4,1', '3', '4', '0', '3', '4', '2', '5', '3,5']","['z', 'x', 'z', 'y', 'y', 'h', 'z', 'y', 'z', 'z', 'x', 'swap', 'z', 'x', 'x', 'y', 'z', 'x', 'x', 'swap']",41,20,126.0,54.0,0.10839310678630325,0.00945281982421875,38.0,14.0,0.10413572818421188,0.009530782699584961,38.0,14.0,0.0996779955663347,0.012196540832519531,48.0,24.0,0.09509834921335461,0.034920692443847656,126.0,54.0,4.327528953552246,0.01150369644165039,38.0,14.0,4.395949125289917,0.012526750564575195,38.0,14.0,4.271210193634033,0.011478662490844727,48.0,24.0,4.299263954162598,0.033687591552734375
"[6, 0, 5, 2, 5, 6, 1, 2, 4, 5, 5, 0, 3, 6, 5, 4, 1, 2, 0, 1, 4, 5]","['x', 'y', 'h', 'y', 'y', 'h', 'h', 'z', 'x', 'y', 'y', 'x', 'h', 'z', 'z', 'z', 'z', 'x', 'y', 'y', 'z', 'x']",26,22,58.0,58.0,0.10497064385844035,0.005986928939819336,14.0,14.0,0.10312102238295762,0.010478019714355469,14.0,14.0,0.09863654871380312,0.011981010437011719,14.0,14.0,0.09419768890677208,0.015467405319213867,58.0,58.0,4.448236465454102,0.00598454475402832,14.0,14.0,4.214269161224365,0.010706901550292969,14.0,14.0,4.319661378860474,0.011474609375,14.0,14.0,4.37886643409729,0.01604771614074707
"['6', '5', '4', '3,5', '2', '0', '5', '0', '6', '4', '5', '4,6', '1,2', '2', '2', '6,1', '6']","['h', 'h', 'h', 'swap', 'y', 'h', 'h', 'z', 'h', 'x', 'y', 'cx', 'cx', 'z', 'z', 'cx', 'h']",46,17,110.0,50.0,0.1080882593146485,0.008588075637817383,94.0,34.0,0.10468698608944142,0.016616106033325195,94.0,34.0,0.10030732176930598,0.022676467895507812,62.0,26.0,0.09586541658085226,0.0508120059967041,110.0,50.0,4.3224427700042725,0.009582281112670898,94.0,34.0,4.400949239730835,0.01854705810546875,94.0,34.0,4.773761510848999,0.02026057243347168,92.0,32.0,4.220239162445068,0.05273842811584473
"['1', '5', '1', '5', '5', '6', '2', '0', '3', '5,3', '6', '5', '6', '3', '2,6', '0', '0', '6', '1', '3', '0', '0', '5']","['z', 'y', 'x', 'z', 'z', 'z', 'y', 'x', 'y', 'cx', 'y', 'x', 'y', 'z', 'cx', 'z', 'y', 'z', 'y', 'y', 'x', 'y', 'y']",31,23,116.0,72.0,0.10615772989151065,0.010480880737304688,21.0,13.0,0.1035479021844607,0.01148080825805664,19.0,11.0,0.09916838094772337,0.01247549057006836,26.0,18.0,0.09464322362953259,0.029961109161376953,116.0,72.0,4.380746841430664,0.0104827880859375,21.0,13.0,4.335612535476685,0.011533021926879883,19.0,11.0,4.35029149055481,0.012617826461791992,26.0,18.0,4.561149835586548,0.03500699996948242
"['5,0', '5', '2,1', '6,2', '5', '0,6', '1', '4', '1', '1,6']","['cx', 'h', 'swap', 'swap', 'h', 'cx', 'h', 'x', 'h', 'cx']",46,10,178.0,46.0,0.11143992452791375,0.008975505828857422,142.0,34.0,0.1067542365262466,0.016366958618164062,151.0,31.0,0.10296918933816697,0.018140316009521484,61.0,13.0,0.0967677201686029,0.03454446792602539,163.0,43.0,4.878701686859131,0.008981704711914062,142.0,34.0,4.628009796142578,0.017325639724731445,142.0,34.0,4.363113641738892,0.022513151168823242,61.0,13.0,4.276791334152222,0.0364229679107666
"['0', '5,0', '2,1', '5', '3,4', '0', '2', '0,5', '0,5', '6,2', '1,5', '6']","['h', 'cx', 'cx', 'h', 'cx', 'h', 'h', 'cx', 'cx', 'cx', 'cx', 'h']",45,12,125.0,37.0,0.11007761668201956,0.009542226791381836,160.0,44.0,0.10650839534397176,0.016013622283935547,115.0,35.0,0.10100860742542625,0.018148422241210938,86.0,30.0,0.09655604505863409,0.05342841148376465,200.0,52.0,4.880896329879761,0.011476278305053711,85.0,29.0,4.3329291343688965,0.015597820281982422,85.0,29.0,4.250394821166992,0.01710653305053711,86.0,30.0,4.329147815704346,0.052392005920410156
"['1', '4', '3,1']","['h', 'x', 'cx']",8,3,9.0,5.0,0.10820243264998218,0.004596233367919922,9.0,5.0,0.10370603873365178,0.005580902099609375,9.0,5.0,0.09919626606704117,0.005983829498291016,9.0,5.0,0.09478171281738398,0.01052713394165039,9.0,5.0,4.577574729919434,0.003996610641479492,9.0,5.0,4.319917440414429,0.005012989044189453,9.0,5.0,4.503967046737671,0.00648951530456543,9.0,5.0,4.285528898239136,0.010553121566772461
"[5, 3, 3, 4, 3, 5, 4, 3, 6, 4, 0, 0, 5, 2, 6, 4]","['z', 'y', 'y', 'x', 'z', 'z', 'z', 'x', 'z', 'x', 'y', 'y', 'y', 'y', 'z', 'y']",16,16,44.0,44.0,0.10576413352183847,0.00498652458190918,7.0,7.0,0.10348453417963682,0.00853276252746582,7.0,7.0,0.09896616950413722,0.008562088012695312,7.0,7.0,0.09451529075423148,0.011525869369506836,44.0,44.0,4.241234302520752,0.00498652458190918,7.0,7.0,4.294945240020752,0.008630752563476562,7.0,7.0,4.242908716201782,0.011484146118164062,7.0,7.0,4.20537257194519,0.01164102554321289
"['0,3', '6', '1,4', '0', '6', '5', '2', '5']","['swap', 'h', 'swap', 'h', 'z', 'h', 'h', 'y']",32,8,78.0,30.0,0.10875912718786607,0.009574651718139648,42.0,18.0,0.10397023638383239,0.01247859001159668,42.0,18.0,0.09948565305279036,0.013976812362670898,42.0,18.0,0.09515002346359773,0.021951913833618164,78.0,30.0,4.54996395111084,0.011574745178222656,42.0,18.0,4.474292039871216,0.008656978607177734,42.0,18.0,4.496192932128906,0.011460304260253906,42.0,18.0,4.3030149936676025,0.021059513092041016
"[4, 5, 1, 3, 2, 3, 4, 5, 2, 4, 1, 1, 1, 5, 0, 5, 5, 2, 5, 5, 3, 0]","['y', 'z', 'x', 'z', 'z', 'y', 'y', 'x', 'y', 'z', 'y', 'z', 'h', 'z', 'z', 'y', 'y', 'y', 'x', 'x', 'x', 'h']",24,22,58.0,58.0,0.10496099361233657,0.005567312240600586,9.0,9.0,0.1033684400994453,0.008556604385375977,9.0,9.0,0.09893118683906676,0.012112855911254883,9.0,9.0,0.09445959844169854,0.014176130294799805,58.0,58.0,4.4560651779174805,0.005563497543334961,9.0,9.0,4.256890773773193,0.009565353393554688,9.0,9.0,4.402595281600952,0.01254892349243164,9.0,9.0,4.322615623474121,0.015521764755249023
"['5', '5,1', '3', '6', '5', '6', '4', '4', '6', '6', '3,4', '3', '3,4', '2']","['h', 'cx', 'h', 'h', 'h', 'y', 'y', 'x', 'x', 'y', 'cx', 'h', 'cx', 'y']",31,14,97.0,49.0,0.10762490302477569,0.008438825607299805,33.0,21.0,0.10323351937789861,0.010586738586425781,31.0,19.0,0.09887445008318803,0.012470722198486328,33.0,25.0,0.09421157341902865,0.028943538665771484,97.0,49.0,4.5632100105285645,0.008608341217041016,33.0,21.0,4.2620837688446045,0.011432170867919922,31.0,19.0,4.341251611709595,0.012978553771972656,33.0,25.0,4.510208368301392,0.030718326568603516
"['0,1', '5,3', '1', '6', '5', '3,4']","['cx', 'cx', 'y', 'x', 'y', 'cx']",18,6,41.0,17.0,0.10845572194537162,0.008483648300170898,20.0,8.0,0.10390880697278937,0.006982564926147461,20.0,8.0,0.09942435523601238,0.008486509323120117,20.0,8.0,0.095124217716723,0.018004894256591797,41.0,17.0,4.328911781311035,0.008975982666015625,20.0,8.0,4.364700555801392,0.008502483367919922,20.0,8.0,5.753767490386963,0.008532285690307617,20.0,8.0,4.364690780639648,0.017032623291015625
"['6', '1,4', '5', '3', '2,6']","['z', 'cx', 'y', 'z', 'cx']",13,5,92.0,24.0,0.10992538381902016,0.0075130462646484375,14.0,6.0,0.10391018576799943,0.009482145309448242,14.0,6.0,0.09934587824471378,0.007513761520385742,14.0,6.0,0.09495509969227586,0.013090848922729492,92.0,24.0,4.682065963745117,0.007570028305053711,14.0,6.0,4.439698219299316,0.007979154586791992,14.0,6.0,4.238165855407715,0.008483409881591797,14.0,6.0,4.344777584075928,0.012549400329589844
"['5', '0', '3', '1', '2,4', '6,1', '2', '1,0', '0', '5']","['x', 'h', 'y', 'z', 'swap', 'swap', 'y', 'swap', 'z', 'h']",42,10,154.0,46.0,0.11047210466667841,0.01196146011352539,57.0,21.0,0.10425670752615432,0.01000833511352539,57.0,21.0,0.0998413921263787,0.014518499374389648,57.0,21.0,0.09561958609336114,0.02744293212890625,154.0,46.0,5.404392719268799,0.011548280715942383,57.0,21.0,4.4745032787323,0.010534048080444336,57.0,21.0,4.195070505142212,0.015159368515014648,57.0,21.0,4.398859977722168,0.023950576782226562
"['1', '3,4', '3', '0,5', '4', '2', '2,3']","['x', 'swap', 'y', 'cx', 'h', 'y', 'cx']",26,7,99.0,31.0,0.10952790973576894,0.007981538772583008,33.0,13.0,0.10398654917099506,0.008019685745239258,33.0,13.0,0.09952582826668235,0.010555505752563477,33.0,13.0,0.09525242083248152,0.021236181259155273,99.0,31.0,4.240132808685303,0.008230209350585938,33.0,13.0,4.533353090286255,0.009580612182617188,33.0,13.0,4.616573810577393,0.010537862777709961,33.0,13.0,4.462798833847046,0.021052122116088867
"['2', '6', '6', '4', '1', '3', '1', '1', '1', '6', '1', '1', '5', '1,4', '2', '5', '6', '2,4', '6', '3', '3', '2']","['x', 'y', 'z', 'z', 'y', 'z', 'x', 'z', 'z', 'y', 'x', 'x', 'z', 'swap', 'h', 'x', 'z', 'swap', 'z', 'h', 'z', 'x']",44,22,126.0,54.0,0.10845079990533951,0.01196146011352539,42.0,18.0,0.10390493821289502,0.009639263153076172,42.0,18.0,0.0994548435454852,0.012637138366699219,42.0,18.0,0.09513186345502064,0.02116227149963379,126.0,54.0,4.200918197631836,0.013567924499511719,42.0,18.0,4.358695983886719,0.011523246765136719,42.0,18.0,4.215911865234375,0.012634515762329102,42.0,18.0,4.6531476974487305,0.023073911666870117
"[1, 3, 0]","['y', 'h', 'h']",5,3,11.0,11.0,0.10768873295072076,0.00498652458190918,8.0,8.0,0.10340223541311097,0.0074901580810546875,8.0,8.0,0.09890716840561985,0.008532524108886719,8.0,8.0,0.09446918041059477,0.012056827545166016,11.0,11.0,4.340853214263916,0.004498004913330078,8.0,8.0,4.282323360443115,0.0064868927001953125,8.0,8.0,4.2655189037323,0.009514331817626953,8.0,8.0,4.173764705657959,0.01054692268371582
"['2,0', '6,4', '5,0', '5,0', '1,4', '6,1', '3', '4']","['cx', 'cx', 'cx', 'cx', 'cx', 'cx', 'h', 'h']",34,8,156.0,36.0,0.111494764133138,0.008535146713256836,136.0,32.0,0.1066023134857662,0.012200593948364258,136.0,32.0,0.10216097532007667,0.0155792236328125,41.0,13.0,0.09594017777833524,0.036118507385253906,141.0,33.0,4.37178635597229,0.008059024810791016,151.0,35.0,4.31377649307251,0.01750493049621582,116.0,28.0,4.191874265670776,0.014627218246459961,41.0,21.0,4.258785963058472,0.04969620704650879
"[4, 6, 6, 4]","['z', 'h', 'h', 'x']",6,4,8.0,8.0,0.10788990024319296,0.006125926971435547,2.0,2.0,0.10376837609207187,0.008195161819458008,2.0,2.0,0.09924501631759469,0.008007287979125977,2.0,2.0,0.09477842301920407,0.010287761688232422,8.0,8.0,4.2917280197143555,0.004521608352661133,2.0,2.0,4.287450790405273,0.006023883819580078,2.0,2.0,4.209171772003174,0.007576704025268555,2.0,2.0,4.234798192977905,0.009507417678833008
"[3, 5]","['h', 'h']",4,2,6.0,6.0,0.1079344618741403,0.0029916763305664062,6.0,6.0,0.10345125479978692,0.004549741744995117,6.0,6.0,0.09896519651635745,0.005983829498291016,6.0,6.0,0.09446909868712342,0.006981372833251953,6.0,6.0,4.535052299499512,0.002991914749145508,6.0,6.0,4.678277015686035,0.005571126937866211,6.0,6.0,4.2458508014678955,0.0055446624755859375,6.0,6.0,4.381534576416016,0.008486032485961914
"['3', '0', '6', '3', '5', '4', '6', '6,2', '1,6', '6,5']","['h', 'x', 'x', 'z', 'z', 'h', 'x', 'cx', 'cx', 'cx']",24,10,116.0,32.0,0.11017317114912067,0.008528947830200195,23.0,11.0,0.10374714537530447,0.0075609683990478516,23.0,11.0,0.09925112430939172,0.008561849594116211,23.0,11.0,0.09490613507809731,0.01612997055053711,116.0,32.0,4.371943235397339,0.0085906982421875,23.0,11.0,4.417401075363159,0.008079290390014648,23.0,11.0,6.005709886550903,0.009489059448242188,23.0,11.0,4.584790229797363,0.017056703567504883
"[3, 0, 0, 0, 2, 0, 6, 5, 1, 0, 2, 0, 1, 5, 4, 3, 3, 5, 1, 3, 3, 2, 2, 0, 5, 2, 6, 2]","['x', 'z', 'x', 'z', 'z', 'y', 'y', 'y', 'x', 'z', 'y', 'z', 'x', 'x', 'x', 'z', 'z', 'x', 'y', 'z', 'y', 'z', 'x', 'x', 'y', 'y', 'y', 'y']",28,28,68.0,68.0,0.10437772683324666,0.00556492805480957,6.0,6.0,0.10355578451099273,0.009094953536987305,6.0,6.0,0.09906895859435046,0.010495662689208984,6.0,6.0,0.09457401769803,0.011543512344360352,68.0,68.0,4.273699045181274,0.004664182662963867,6.0,6.0,4.523998498916626,0.00801229476928711,6.0,6.0,4.20981502532959,0.0104827880859375,6.0,6.0,4.1979756355285645,0.013170003890991211
"['1,0', '4', '3', '4']","['swap', 'h', 'h', 'h']",17,4,24.0,12.0,0.10816379564708875,0.005644798278808594,18.0,6.0,0.10403738605887763,0.0075016021728515625,18.0,6.0,0.09954151851960744,0.008509159088134766,18.0,6.0,0.09510232424381938,0.011981010437011719,24.0,12.0,4.229763746261597,0.003989219665527344,18.0,6.0,4.49179482460022,0.00701904296875,18.0,6.0,4.243743419647217,0.009562015533447266,18.0,6.0,4.314392805099487,0.014073371887207031
"[0, 6, 4, 6, 1, 4, 4, 2, 0, 1, 0, 4, 0, 0, 6, 4]","['x', 'h', 'h', 'h', 'z', 'h', 'h', 'h', 'h', 'x', 'h', 'h', 'h', 'h', 'h', 'x']",28,16,40.0,40.0,0.10599741281800255,0.004986286163330078,10.0,10.0,0.10330842462846816,0.008482933044433594,10.0,10.0,0.09881233228232851,0.009480714797973633,10.0,10.0,0.09433919765234594,0.011476755142211914,40.0,40.0,4.233901262283325,0.0039806365966796875,10.0,10.0,4.281071424484253,0.007556915283203125,10.0,10.0,4.221158504486084,0.009970664978027344,10.0,10.0,4.400437355041504,0.012521982192993164
"['6', '6', '6', '6', '6,3', '4,1', '1,3', '4', '6,1']","['y', 'z', 'h', 'h', 'swap', 'cx', 'cx', 'h', 'swap']",40,9,130.0,38.0,0.11020279070805325,0.010009527206420898,134.0,30.0,0.10678772484507353,0.015190839767456055,124.0,28.0,0.10215219099683293,0.020076513290405273,59.0,15.0,0.09662432777708468,0.040892839431762695,130.0,38.0,4.815626621246338,0.010015010833740234,134.0,30.0,4.3646838665008545,0.015215158462524414,119.0,27.0,4.322494983673096,0.01796436309814453,63.0,27.0,4.276697874069214,0.06509876251220703
"[2, 1, 1, 1, 5, 0, 2, 6, 2]","['x', 'h', 'z', 'h', 'x', 'z', 'x', 'y', 'x']",11,9,17.0,17.0,0.10733881126492745,0.004986763000488281,6.0,6.0,0.10351840625662377,0.007469654083251953,6.0,6.0,0.09902431523993177,0.008554458618164062,6.0,6.0,0.09457494434097974,0.011583805084228516,17.0,17.0,4.311483383178711,0.005957603454589844,6.0,6.0,4.600505828857422,0.008591175079345703,6.0,6.0,4.432953596115112,0.009650707244873047,6.0,6.0,4.288711071014404,0.012069225311279297
"[1, 1, 3, 4, 1, 3, 2, 4, 6, 0, 5]","['h', 'h', 'h', 'h', 'h', 'h', 'h', 'h', 'h', 'h', 'h']",22,11,33.0,33.0,0.10635979509724007,0.002991914749145508,15.0,15.0,0.10299562101153306,0.007561206817626953,15.0,15.0,0.09849957253014843,0.008560895919799805,15.0,15.0,0.09404882537450773,0.011530399322509766,33.0,33.0,4.772601842880249,0.003989219665527344,15.0,15.0,4.389207124710083,0.009655237197875977,15.0,15.0,4.242260456085205,0.008977413177490234,15.0,15.0,4.384577751159668,0.011477947235107422
"['6', '4', '3,2', '1', '2', '1', '2', '3', '6', '1', '4', '5,0', '5', '5,6', '5']","['h', 'y', 'swap', 'y', 'h', 'h', 'h', 'x', 'h', 'z', 'h', 'cx', 'h', 'cx', 'h']",41,15,91.0,47.0,0.10756981691408996,0.008483171463012695,38.0,18.0,0.10517432044153521,0.07234668731689453,37.0,17.0,0.09938249913377527,0.014467000961303711,37.0,17.0,0.09516195421246446,0.027446269989013672,91.0,47.0,4.205656051635742,0.010590314865112305,38.0,18.0,4.3850462436676025,0.01174616813659668,37.0,17.0,4.283914804458618,0.013473749160766602,37.0,17.0,4.317812442779541,0.023314476013183594
"['0,5', '5', '4', '6,3', '0', '3', '4', '6', '5', '2,0', '6', '5,4', '0']","['cx', 'x', 'y', 'cx', 'h', 'z', 'z', 'x', 'h', 'cx', 'h', 'cx', 'y']",32,13,88.0,36.0,0.10859464173833057,0.010126590728759766,78.0,26.0,0.10482007239600044,0.01713848114013672,78.0,26.0,0.10036598603588406,0.019962787628173828,48.0,20.0,0.09573815956034595,0.045085906982421875,88.0,36.0,4.277268409729004,0.010505914688110352,78.0,26.0,5.137298345565796,0.015771150588989258,78.0,26.0,4.481656312942505,0.023514986038208008,48.0,20.0,4.428436040878296,0.04952812194824219
"[5, 6, 0, 3, 2, 6, 6, 0, 6, 5, 3, 3, 4, 0, 3, 2, 5, 2, 6, 1, 6, 4, 6, 5, 6, 3, 4]","['h', 'h', 'h', 'x', 'y', 'x', 'y', 'x', 'h', 'h', 'y', 'x', 'h', 'x', 'z', 'h', 'y', 'x', 'y', 'y', 'h', 'y', 'y', 'x', 'z', 'z', 'h']",36,27,77.0,77.0,0.10388545500836474,0.006983280181884766,16.0,16.0,0.10300555885861946,0.010529279708862305,16.0,16.0,0.09853239681316502,0.012524127960205078,16.0,16.0,0.09409505034018206,0.016076326370239258,77.0,77.0,4.290211200714111,0.010604143142700195,16.0,16.0,4.212938070297241,0.010482072830200195,16.0,16.0,4.709506034851074,0.013553142547607422,16.0,16.0,4.322526931762695,0.015970706939697266
"['5', '5', '6,2', '5', '2']","['z', 'z', 'cx', 'x', 'y']",9,5,58.0,18.0,0.10908986364332651,0.008547544479370117,8.0,4.0,0.10379660600649836,0.006983041763305664,8.0,4.0,0.09930051366035872,0.007980823516845703,8.0,4.0,0.09488478154541044,0.012472867965698242,58.0,18.0,4.408832788467407,0.007089376449584961,8.0,4.0,4.2500481605529785,0.008493900299072266,8.0,4.0,4.391070127487183,0.008600711822509766,8.0,4.0,4.1923840045928955,0.011562824249267578
"['4', '6', '2', '3', '4', '3', '0', '2', '1', '0', '3', '1', '5', '0,4', '2', '4', '1', '6', '0', '3', '4', '1', '4', '4', '1', '5', '5', '5', '6', '0', '6', '1']","['x', 'h', 'x', 'h', 'z', 'y', 'x', 'h', 'x', 'x', 'y', 'y', 'x', 'cx', 'h', 'y', 'z', 'z', 'x', 'h', 'y', 'h', 'h', 'z', 'h', 'y', 'z', 'z', 'y', 'h', 'x', 'x']",45,32,127.0,87.0,0.10511157276867725,0.010542154312133789,19.0,15.0,0.10325969030425344,0.011532068252563477,19.0,15.0,0.09879875007616565,0.014058351516723633,23.0,19.0,0.09434685042481712,0.027121543884277344,127.0,87.0,4.745523691177368,0.011550426483154297,19.0,15.0,4.346942901611328,0.011362552642822266,19.0,15.0,4.169437646865845,0.013473033905029297,23.0,19.0,4.250863313674927,0.023035764694213867
"['0', '6', '2', '5', '5', '6', '0', '1,0', '4', '1', '6', '2', '0', '0', '1', '4', '3,2', '2,3', '5', '4', '3', '6', '6', '1,5', '1', '3', '4', '3', '4', '3']","['z', 'x', 'x', 'x', 'x', 'z', 'h', 'cx', 'z', 'z', 'x', 'z', 'x', 'z', 'x', 'x', 'cx', 'cx', 'h', 'z', 'y', 'x', 'y', 'cx', 'z', 'x', 'y', 'z', 'z', 'z']",48,30,77.0,49.0,0.10680565655630064,0.010373592376708984,34.0,18.0,0.10357872554408121,0.010477781295776367,34.0,18.0,0.09912849928240634,0.013469934463500977,34.0,18.0,0.09485043670107932,0.023948192596435547,77.0,49.0,4.3715879917144775,0.011444330215454102,34.0,18.0,4.497297286987305,0.011474370956420898,34.0,18.0,4.280599355697632,0.014085531234741211,34.0,18.0,4.269098997116089,0.025094032287597656
"['3', '5', '6,0']","['x', 'x', 'cx']",7,3,52.0,12.0,0.10936947012682736,0.005489826202392578,7.0,3.0,0.10376345822091351,0.0030057430267333984,7.0,3.0,0.09925535789808793,0.0034813880920410156,7.0,3.0,0.09481683255981388,0.006982326507568359,52.0,12.0,4.389206886291504,0.004508018493652344,7.0,3.0,4.36294150352478,0.0035517215728759766,7.0,3.0,4.252755403518677,0.0035560131072998047,7.0,3.0,4.254734754562378,0.007594108581542969
"[6, 1, 6, 4, 2, 4, 5, 1, 3, 3, 0, 4, 2, 4, 2, 2, 3, 1, 2, 5, 3, 2, 6, 2, 2, 2, 0, 5]","['h', 'z', 'z', 'z', 'h', 'x', 'z', 'y', 'y', 'z', 'z', 'h', 'x', 'y', 'z', 'z', 'y', 'z', 'y', 'x', 'z', 'y', 'y', 'z', 'z', 'x', 'z', 'z']",31,28,62.0,62.0,0.10473747970725818,0.00599217414855957,12.0,12.0,0.10322665471907755,0.009999275207519531,12.0,12.0,0.0987433928137804,0.011554956436157227,12.0,12.0,0.09430794349145193,0.015189647674560547,62.0,62.0,4.2765655517578125,0.005983114242553711,12.0,12.0,4.170635461807251,0.010528087615966797,12.0,12.0,4.387972116470337,0.011555910110473633,12.0,12.0,4.161800384521484,0.015466928482055664
"['0,1', '1,3', '1', '4,6']","['swap', 'cx', 'h', 'swap']",29,4,53.0,13.0,0.10937996176644586,0.008481979370117188,38.0,10.0,0.1045060828242274,0.007979393005371094,38.0,10.0,0.10002229454187005,0.009512186050415039,38.0,10.0,0.09561590013664605,0.014410257339477539,53.0,13.0,4.340847015380859,0.0074710845947265625,38.0,10.0,4.584430694580078,0.0064868927001953125,38.0,10.0,4.194092750549316,0.007693290710449219,38.0,10.0,4.93731164932251,0.014638423919677734
"['4,6', '6,4', '5,0', '3,2', '3,2', '4,3', '0,3']","['cx', 'cx', 'cx', 'cx', 'cx', 'cx', 'cx']",35,7,185.0,37.0,0.11265490399414949,0.008936166763305664,185.0,37.0,0.10823160520896076,0.013099193572998047,115.0,23.0,0.10224891884613074,0.019114255905151367,40.0,8.0,0.09639040217406752,0.03550410270690918,200.0,40.0,4.371776580810547,0.008630037307739258,185.0,37.0,4.614903688430786,0.011475324630737305,120.0,24.0,4.29844069480896,0.015003681182861328,40.0,8.0,4.216843366622925,0.03792762756347656
"[5, 4, 1, 0, 2, 4, 0, 1, 0, 2, 3, 4]","['x', 'z', 'h', 'x', 'z', 'y', 'x', 'z', 'y', 'x', 'z', 'z']",13,12,22.0,22.0,0.10706063887207837,0.005570888519287109,11.0,11.0,0.10327450320363182,0.009543895721435547,11.0,11.0,0.09880182367048256,0.011559724807739258,11.0,11.0,0.09432802558608036,0.01352691650390625,22.0,22.0,4.312064170837402,0.005490303039550781,11.0,11.0,4.449621677398682,0.009514331817626953,11.0,11.0,4.260066270828247,0.010550975799560547,11.0,11.0,4.2894792556762695,0.014032363891601562
"[3, 4, 4, 1, 1, 1, 3, 4, 4, 2, 4, 5, 4, 6, 0, 6, 5, 5, 1, 3, 5, 5, 1, 4, 4, 0, 0, 1, 2, 6, 6, 5, 5, 0, 1]","['z', 'z', 'y', 'z', 'x', 'x', 'x', 'x', 'y', 'y', 'y', 'y', 'y', 'y', 'z', 'x', 'h', 'h', 'h', 'x', 'z', 'z', 'x', 'z', 'y', 'z', 'x', 'h', 'z', 'y', 'z', 'x', 'y', 'z', 'x']",39,35,83.0,83.0,0.10352592694122267,0.00656580924987793,9.0,9.0,0.10343740646052099,0.01155543327331543,9.0,9.0,0.09888738788118216,0.010208368301391602,9.0,9.0,0.09446831107866382,0.014554977416992188,83.0,83.0,4.393238067626953,0.006666421890258789,9.0,9.0,4.440435409545898,0.010972738265991211,9.0,9.0,4.235785484313965,0.01219320297241211,9.0,9.0,4.244775295257568,0.013477325439453125
"['2,4', '6', '0,1']","['cx', 'x', 'cx']",11,3,71.0,15.0,0.10987465988827634,0.005018472671508789,11.0,3.0,0.10393589404040313,0.0029921531677246094,11.0,3.0,0.09944542186600004,0.00423431396484375,11.0,3.0,0.09510837215536375,0.012147665023803711,71.0,15.0,4.307680368423462,0.00765681266784668,11.0,3.0,4.485621452331543,0.003993034362792969,11.0,3.0,4.276864290237427,0.004718303680419922,11.0,3.0,4.3451247215271,0.00853419303894043
"[2, 3, 6, 1, 5, 5, 4, 1, 2, 2, 6, 5, 5, 5, 2, 3, 5, 1, 4, 0, 1, 3, 2, 4, 6, 2, 2, 1, 4, 0, 2, 1, 4, 2, 6, 1, 3, 0, 6, 0, 0, 6]","['x', 'x', 'z', 'x', 'h', 'x', 'h', 'x', 'h', 'x', 'y', 'z', 'x', 'y', 'x', 'x', 'y', 'x', 'y', 'z', 'y', 'x', 'h', 'x', 'x', 'x', 'y', 'y', 'h', 'y', 'z', 'z', 'z', 'h', 'h', 'z', 'x', 'z', 'y', 'x', 'y', 'x']",49,42,96.0,96.0,0.10276981305211848,0.006655454635620117,13.0,13.0,0.10322696973553207,0.01254892349243164,13.0,13.0,0.09872277885899738,0.013194561004638672,13.0,13.0,0.0942346369997046,0.014538049697875977,96.0,96.0,4.588614463806152,0.007017374038696289,13.0,13.0,4.458250284194946,0.010566473007202148,13.0,13.0,4.326310157775879,0.016025781631469727,13.0,13.0,4.403879165649414,0.015091657638549805
"['1', '5', '6', '2', '4', '0', '1', '6', '5', '6', '5', '1', '1', '0,6', '1', '0', '3', '0']","['h', 'h', 'h', 'z', 'h', 'h', 'h', 'x', 'h', 'h', 'x', 'h', 'h', 'cx', 'x', 'z', 'x', 'z']",32,18,87.0,47.0,0.1074218356955224,0.009560108184814453,16.0,12.0,0.10341155909518077,0.010527849197387695,16.0,12.0,0.09889464195659674,0.0106201171875,16.0,12.0,0.09453343373213476,0.017482995986938477,87.0,47.0,4.333481788635254,0.010010957717895508,16.0,12.0,4.715255498886108,0.00965428352355957,16.0,12.0,4.537353038787842,0.009554386138916016,16.0,12.0,4.381024599075317,0.016220808029174805
"['5', '2', '1', '3', '5', '4', '0', '5', '4', '5', '5', '2', '4', '4', '5', '4', '2', '6', '0', '1', '0', '3', '6', '6', '1', '6', '1', '0', '2', '1,0', '0', '4', '4', '6', '6', '5', '2', '2', '4']","['x', 'z', 'x', 'z', 'x', 'z', 'x', 'y', 'y', 'x', 'x', 'z', 'x', 'x', 'x', 'x', 'x', 'x', 'z', 'y', 'x', 'x', 'y', 'z', 'x', 'x', 'z', 'y', 'x', 'cx', 'y', 'y', 'y', 'x', 'x', 'y', 'y', 'h', 'y']",44,39,89.0,85.0,0.10356864867408795,0.005983829498291016,18.0,14.0,0.10329536083619609,0.010547161102294922,18.0,14.0,0.0988223797328561,0.012549877166748047,24.0,20.0,0.09421870202310961,0.024085283279418945,89.0,85.0,4.235409736633301,0.005983829498291016,18.0,14.0,4.30693244934082,0.010587692260742188,18.0,14.0,4.2879862785339355,0.01347208023071289,24.0,20.0,4.242462396621704,0.026609182357788086
"[4, 6, 0, 1]","['h', 'h', 'h', 'h']",8,4,12.0,12.0,0.1075961698315209,0.003497600555419922,12.0,12.0,0.103134341342144,0.005985260009765625,12.0,12.0,0.09863822706362685,0.006982088088989258,12.0,12.0,0.09416508146745553,0.008977651596069336,12.0,12.0,4.917996883392334,0.004986763000488281,12.0,12.0,5.079366683959961,0.006562948226928711,12.0,12.0,4.375697135925293,0.006951808929443359,12.0,12.0,4.743553638458252,0.009656429290771484
"['0', '6', '2', '5', '4', '3', '3,5', '6', '4', '5', '5', '2', '4', '3', '2,0', '4', '2', '2', '6', '3', '4', '0', '1', '6', '1', '3', '6', '6', '0', '2', '5,0', '0', '3', '6', '1']","['y', 'x', 'y', 'z', 'h', 'y', 'cx', 'x', 'x', 'x', 'z', 'y', 'z', 'h', 'cx', 'x', 'h', 'x', 'y', 'z', 'z', 'z', 'h', 'y', 'z', 'x', 'z', 'z', 'z', 'x', 'cx', 'y', 'y', 'y', 'z']",51,35,136.0,88.0,0.10542189242696676,0.011548519134521484,38.0,26.0,0.10298886514097699,0.012628316879272461,38.0,26.0,0.09853661013438259,0.015532255172729492,46.0,34.0,0.09396874747416328,0.033696889877319336,121.0,85.0,4.366871356964111,0.010633707046508789,38.0,26.0,4.3716747760772705,0.011526823043823242,38.0,26.0,4.305940628051758,0.015466928482055664,46.0,34.0,4.406347036361694,0.042057037353515625
"['4,0', '1', '6', '3,1', '5,4', '2', '0,3', '1', '2,4']","['cx', 'x', 'y', 'swap', 'cx', 'y', 'cx', 'x', 'swap']",41,9,132.0,36.0,0.11043086400913202,0.007343292236328125,51.0,15.0,0.10455394215807767,0.007717132568359375,51.0,15.0,0.1000765910285191,0.009529829025268555,51.0,15.0,0.09585716465846122,0.022557735443115234,132.0,36.0,4.321002721786499,0.007558107376098633,51.0,15.0,4.831632614135742,0.007540464401245117,51.0,15.0,4.246471881866455,0.010490894317626953,51.0,15.0,4.331733703613281,0.021950483322143555
