cost,gate count,tqc3TT,tqc3RT,tqc3GC,tqc2TT,tqc2RT,tqc2GC,tqc1TT,tqc1RT,tqc1GC,tqc0TT,tqc0RT,tqc0GC
1,1,0.014617586135864257,0.10260220368703206,1.2333333333333334,0.009739192326863606,0.10990751584370931,1.2333333333333334,0.008254520098368327,0.10769654909769694,1.2333333333333334,0.005948638916015625,0.11218334833780924,1.9333333333333333
2,1,0.016684293746948242,0.10297714074452718,3.0,0.011653423309326172,0.10874066352844239,3.0,0.009845797220865886,0.11169679164886474,3.0,0.007585509618123373,0.11084379355112711,3.0
2,2,0.01696612040201823,0.10783971945444742,2.3666666666666667,0.01162857214609782,0.10940361817677816,2.3666666666666667,0.010037994384765625,0.11491440137227377,2.3666666666666667,0.006934301058451334,0.11164233684539795,4.266666666666667
3,2,0.019214431444803875,0.10789108276367188,4.0,0.013630318641662597,0.11249595483144124,4.0,0.011846597989400227,0.11266586780548096,4.0,0.008629719416300455,0.10804842313130697,5.066666666666666
3,3,0.02206840515136719,0.10362064838409424,3.433333333333333,0.013329450289408367,0.10784564812978109,3.433333333333333,0.017632007598876953,0.11176316738128662,3.433333333333333,0.007896939913431803,0.11243181228637696,6.333333333333333
4,2,0.017646288871765135,0.10397794246673583,5.8,0.012029202779134114,0.11073649724324544,5.8,0.010627428690592447,0.11221899191538492,5.8,0.007784295082092285,0.11754828294118246,6.0
4,3,0.021117297808329265,0.1031006415685018,5.1,0.01490632692972819,0.11089614232381186,5.1,0.013183140754699707,0.10831236044565837,5.1,0.009183526039123535,0.11392246087392172,6.866666666666666
4,4,0.020760512351989745,0.10338761806488037,3.6,0.014651679992675781,0.10857690970102946,3.6,0.015894261995951335,0.11190533638000488,3.6,0.008803184827168782,0.11011273860931396,9.066666666666666
5,1,0.014684112866719563,0.10819025834401448,1.0,0.007382965087890625,0.11346564292907715,1.0,0.006783811251322428,0.11135064760843913,1.0,0.009390012423197428,0.11416219075520834,5.2
5,3,0.021993430455525716,0.10461541016896565,6.366666666666666,0.015805284182230633,0.1141077438990275,6.366666666666666,0.01630705197652181,0.10379694302876791,6.366666666666666,0.009613768259684245,0.10621186097462972,9.133333333333333
5,4,0.0241238276163737,0.10200268427530924,5.6,0.018316435813903808,0.11129201253255208,5.6,0.015439430872599283,0.10963378747304281,5.6,0.01044007142384847,0.10798364480336507,9.866666666666667
5,5,0.02281320095062256,0.10134371121724446,5.166666666666667,0.016324369112650554,0.12020882765452066,5.166666666666667,0.014452346165974935,0.10773826440175374,5.166666666666667,0.009390934308369955,0.11021067301432291,12.6
6,2,0.020021208127339683,0.10471141338348389,2.4,0.011548129717508952,0.10947800477345784,2.4,0.010641177495320639,0.11290285587310792,2.4,0.010831952095031738,0.11438449223836263,7.6
6,3,0.01966531276702881,0.10371535619099935,7.0,0.01338510513305664,0.10936526457468669,7.0,0.014635411898295085,0.11380716164906819,7.0,0.008268944422403971,0.11285016536712647,9.0
6,4,0.026257785161336263,0.09935237566630045,7.366666666666666,0.019859520594278972,0.10819700558980307,7.366666666666666,0.015141860644022623,0.11078786055246989,7.366666666666666,0.010231312115987141,0.10879622300465902,10.666666666666666
6,5,0.024331029256184897,0.10050323804219564,6.3,0.01793530782063802,0.11002338727315267,6.3,0.016148924827575684,0.10927098592122396,6.3,0.010513869921366374,0.11199417114257812,11.133333333333333
6,6,0.023247869809468587,0.10472613175710042,5.0,0.016702787081400553,0.11009822686513265,5.0,0.01488200028737386,0.11001127560933431,5.0,0.009311922391255696,0.11098820368448893,13.733333333333333
7,2,0.02119585673014323,0.10771780014038086,4.0,0.015726987520853677,0.10981460412343343,4.0,0.01159498691558838,0.1152576208114624,4.0,0.011274242401123047,0.11718487739562988,7.1
7,3,0.022996934254964192,0.10847628911336263,3.6333333333333333,0.0166866143544515,0.11207181612650553,3.6333333333333333,0.012499864896138508,0.11282777786254883,3.6333333333333333,0.01206801732381185,0.11365031401316325,10.666666666666666
7,4,0.022564355532328287,0.0998110055923462,7.233333333333333,0.015855256716410318,0.11184566020965576,7.233333333333333,0.014018535614013672,0.11062845389048258,7.233333333333333,0.009254129727681477,0.12045910358428955,10.666666666666666
7,5,0.024838725725809734,0.1022394339243571,7.5,0.02087858517964681,0.1116585652033488,7.5,0.01532740592956543,0.11033727327982584,7.5,0.010614752769470215,0.10697361628214518,12.466666666666667
7,6,0.02659918467203776,0.1034233808517456,7.433333333333334,0.01935296058654785,0.10934216181437174,7.433333333333334,0.017111682891845705,0.11022384166717529,7.433333333333334,0.01147301197052002,0.10909016927083333,16.266666666666666
7,7,0.025648768742879233,0.09977307319641113,4.833333333333333,0.01953439712524414,0.10773146947224935,4.833333333333333,0.01808210213979085,0.11024338404337565,4.833333333333333,0.009791207313537598,0.11104669570922851,15.933333333333334
8,3,0.02687042554219564,0.09904112021128336,5.033333333333333,0.015175453821818034,0.11554174423217774,5.033333333333333,0.013748264312744141,0.10696839491526286,5.033333333333333,0.013721068700154623,0.10874600410461426,11.233333333333333
8,4,0.023732709884643554,0.10570991039276123,7.2,0.014696327845255534,0.11067293485005697,7.2,0.01526647408803304,0.10796550114949545,7.2,0.00834218660990397,0.10948426723480224,12.0
8,5,0.024852800369262695,0.10153543949127197,9.266666666666667,0.017821884155273436,0.10660839875539144,9.266666666666667,0.015560110410054525,0.11080902417500814,9.266666666666667,0.010025819142659506,0.11278320948282877,13.666666666666666
8,6,0.02884854475657145,0.09642109076182047,8.8,0.019431138038635255,0.11041748523712158,8.8,0.01709275245666504,0.10793805122375488,8.8,0.01110999584197998,0.10576205253601074,15.866666666666667
8,7,0.026147023836771647,0.10135173002878825,7.466666666666667,0.019585760434468587,0.10897541840871175,7.466666666666667,0.01738630930582682,0.1058805783589681,7.466666666666667,0.011441469192504883,0.11604448159535725,16.333333333333332
8,8,0.023511950174967447,0.10220686594645183,5.7,0.019707441329956055,0.1081395149230957,5.7,0.015158541997273763,0.11406850020090739,5.7,0.009636910756429036,0.107575790087382,17.733333333333334
9,3,0.022466135025024415,0.10056365331013997,6.766666666666667,0.016243704160054526,0.11356394290924073,6.766666666666667,0.01228180726369222,0.11115469137827555,6.8,0.01268754800160726,0.11260254383087158,11.9
9,4,0.02680228551228841,0.10202366511027018,6.0,0.01666734218597412,0.11101154486338298,6.0,0.014955917994181315,0.10580325126647949,6.033333333333333,0.013440823554992676,0.11354476610819499,11.8
9,5,0.02615654468536377,0.09798595110575357,4.833333333333333,0.018732142448425294,0.10933963457743327,4.833333333333333,0.014507198333740234,0.11315237681070964,4.966666666666667,0.01661090850830078,0.11011288166046143,13.833333333333334
9,6,0.026541884740193686,0.09841100374857585,8.766666666666667,0.019588541984558106,0.11798677444458008,8.766666666666667,0.017052594820658365,0.10469067096710205,8.766666666666667,0.011288611094156902,0.1107852856318156,16.133333333333333
9,7,0.026995253562927247,0.10509274005889893,8.733333333333333,0.019830171267191568,0.10609131654103597,8.733333333333333,0.017317581176757812,0.10956406593322754,8.733333333333333,0.011410204569498698,0.10989830493927003,17.8
9,8,0.026885135968526205,0.10361096064249674,7.866666666666666,0.020244860649108888,0.10834757486979167,7.866666666666666,0.0177614688873291,0.10677449703216553,7.866666666666666,0.014017367362976074,0.10712410608927408,18.666666666666668
9,9,0.024624927838643392,0.10643721421559652,6.0,0.018175387382507326,0.1115685224533081,6.0,0.016240549087524415,0.11333301862080893,6.0,0.010047245025634765,0.11528131167093912,21.266666666666666
10,2,0.019846240679423015,0.10366902351379395,1.9333333333333333,0.00790255069732666,0.11642813682556152,1.9333333333333333,0.006814146041870117,0.11209880510965983,1.9333333333333333,0.010040497779846192,0.11330121358235677,8.8
10,4,0.025931382179260255,0.10094839731852213,6.366666666666666,0.015851108233133952,0.11362102031707763,6.366666666666666,0.01381533145904541,0.11103112697601318,6.4,0.012247260411580403,0.11171948909759521,11.633333333333333
10,5,0.029651562372843426,0.09558907349904379,7.066666666666666,0.01878653367360433,0.11101679007212321,7.066666666666666,0.01653899351755778,0.11070940494537354,7.1,0.01407325267791748,0.11153414249420165,15.466666666666667
10,6,0.0288805882136027,0.10260119438171386,5.433333333333334,0.019177905718485513,0.1081688642501831,5.433333333333334,0.01489086151123047,0.11272425651550293,5.633333333333334,0.01338210105895996,0.11170583566029867,16.2
10,7,0.026737682024637856,0.10034636656443278,8.666666666666666,0.01968983809153239,0.10831224918365479,8.666666666666666,0.01994487444559733,0.1093638022740682,8.666666666666666,0.01363229751586914,0.10711270968119303,18.333333333333332
10,8,0.028583447138468426,0.10702973206837972,9.333333333333334,0.02433617115020752,0.1082999070485433,9.333333333333334,0.018432339032491047,0.1155741294225057,9.333333333333334,0.012015350659688314,0.11260193983713786,19.733333333333334
10,9,0.027511119842529297,0.09770767688751221,7.7,0.02050184408823649,0.11382544835408528,7.7,0.018308488527933757,0.10823067824045816,7.7,0.014507222175598144,0.10868961016337077,21.666666666666668
10,10,0.026618345578511556,0.09973944822947184,5.766666666666667,0.020367884635925294,0.10540523529052734,5.766666666666667,0.018964711825052896,0.10903650124867757,5.766666666666667,0.009988808631896972,0.11010475158691406,23.733333333333334
11,1,0.02119294802347819,0.10414686997731527,3.0,0.010544037818908692,0.11495977242787679,3.0,0.009308306376139323,0.11276677449544271,3.0,0.010551730791727701,0.11373860836029052,8.1
11,3,0.02289276917775472,0.09844984213511149,3.2333333333333334,0.01526800791422526,0.11321577231089273,3.2333333333333334,0.010902802149454752,0.11300778388977051,3.2333333333333334,0.012684241930643717,0.11442283789316814,11.933333333333334
11,4,0.026743833223978677,0.10262364546457926,7.8,0.014377244313557943,0.11057603359222412,7.8,0.013031252225240071,0.11187105178833008,7.8,0.013068040211995443,0.11313502788543701,14.6
11,5,0.028366994857788087,0.10120933055877686,8.566666666666666,0.018114185333251952,0.11000299453735352,8.566666666666666,0.015808629989624023,0.11092851956685384,8.566666666666666,0.013715672492980956,0.10921286741892497,14.9
11,6,0.033724403381347655,0.09845773379007976,7.733333333333333,0.01980745792388916,0.10667185783386231,7.733333333333333,0.01803120772043864,0.10892796516418457,7.766666666666667,0.015567262967427572,0.10884951750437419,16.966666666666665
11,7,0.02863942782084147,0.10163899262746175,5.9,0.020169671376546225,0.11231840451558431,5.9,0.01614532470703125,0.10576976140340169,5.9,0.013978687922159831,0.10958810647328694,19.3
11,8,0.027416181564331055,0.11024340788523355,9.966666666666667,0.020750880241394043,0.1058379332224528,9.966666666666667,0.017813769976298015,0.1067063570022583,9.966666666666667,0.014288926124572754,0.10993774731953938,20.666666666666668
11,9,0.027102581659952798,0.10457521279652914,8.733333333333333,0.020962452888488768,0.10676416556040445,8.733333333333333,0.01838404337565104,0.10797293186187744,8.733333333333333,0.011851811408996582,0.10849952697753906,23.533333333333335
11,10,0.027929250399271646,0.10244089762369792,7.7,0.021238247553507488,0.10968174934387206,7.7,0.02144028345743815,0.11287525494893393,7.7,0.015286095937093099,0.1077505906422933,25.066666666666666
11,11,0.02539207140604655,0.10738893349965413,5.966666666666667,0.018404801686604817,0.11101514498392741,5.966666666666667,0.016962933540344238,0.11444928646087646,5.966666666666667,0.010624059041341146,0.11249569257100424,25.0
12,2,0.02208112080891927,0.10277633666992188,4.3,0.01298537254333496,0.11009070873260499,4.3,0.014671540260314942,0.11156073411305746,4.3,0.011230182647705079,0.11903627713521321,9.7
12,3,0.022619915008544923,0.10094314416249593,5.0,0.015452440579732258,0.11303359667460124,5.0,0.01184242566426595,0.1107237736384074,5.0,0.01266618569691976,0.11052560011545817,12.0
12,4,0.025418472290039063,0.09481116930643717,4.233333333333333,0.016981005668640137,0.11221865812937419,4.233333333333333,0.01250921885172526,0.11396130720774332,4.3,0.013960146903991699,0.11264981428782145,15.466666666666667
12,5,0.02704354127248128,0.10229944388071696,7.733333333333333,0.019510459899902344,0.10672282377878825,7.733333333333333,0.014934372901916505,0.1078699509302775,7.733333333333333,0.01624156634012858,0.11475536823272706,16.166666666666668
12,6,0.030984973907470702,0.10219596227010092,9.3,0.01978309154510498,0.10888407230377198,9.3,0.01743301550547282,0.10978780587514242,9.3,0.013519962628682455,0.10853261947631836,16.933333333333334
12,7,0.025969918568929037,0.10011218388875326,8.133333333333333,0.018719863891601563,0.11403399308522542,8.133333333333333,0.016342965761820476,0.10998225212097168,8.133333333333333,0.01042921543121338,0.11078731218973796,19.266666666666666
12,8,0.02942973772684733,0.09784512519836426,6.566666666666666,0.01845740477244059,0.11408216158548991,6.566666666666666,0.01653267542521159,0.11049064795176188,6.9,0.013973124821980794,0.10809175968170166,21.166666666666668
12,9,0.02771930694580078,0.1046540339787801,9.266666666666667,0.023971128463745116,0.10514039993286133,9.266666666666667,0.018250290552775064,0.10463701089223226,9.266666666666667,0.011903961499532064,0.11313320795694987,23.133333333333333
12,10,0.02782599925994873,0.09761567115783691,8.9,0.02120045820871989,0.11049739519755046,8.9,0.020928255716959634,0.10590794881184896,8.9,0.012081408500671386,0.11202666759490967,23.333333333333332
12,11,0.028136316935221353,0.09683676560719807,8.666666666666666,0.02107506593068441,0.11336008707682292,8.666666666666666,0.018552199999491373,0.10731929143269857,8.666666666666666,0.011991588274637859,0.10838766892751057,25.933333333333334
12,12,0.025175960858662923,0.10309491157531739,6.2,0.018318764368693032,0.10949158668518066,6.2,0.01696928342183431,0.10768666267395019,6.2,0.010564573605855306,0.10957268873850505,26.666666666666668
13,2,0.02317959467569987,0.10198379357655843,6.0,0.014087033271789551,0.11442020734151205,6.0,0.012327329317728678,0.10749548276265462,6.0,0.012065545717875163,0.11463454564412436,10.4
13,3,0.025020058949788412,0.09683210849761963,5.133333333333334,0.01435990333557129,0.1094043493270874,5.133333333333334,0.015532159805297851,0.10883635679880778,5.133333333333334,0.012067524592081706,0.12021573384602864,11.3
13,4,0.026777450243631998,0.1023657480875651,6.066666666666666,0.015153344472249348,0.11210233370463053,6.066666666666666,0.013751975695292155,0.11047106583913167,6.1,0.014831201235453288,0.11059806346893311,13.7
13,5,0.02870331605275472,0.09925785859425863,5.466666666666667,0.020931649208068847,0.10437113444010417,5.466666666666667,0.01655747095743815,0.10630564689636231,5.533333333333333,0.017589799563090005,0.11223886807759603,15.833333333333334
13,6,0.030343357721964517,0.09630623658498129,8.833333333333334,0.018803334236145018,0.10557761987050375,8.833333333333334,0.019644451141357423,0.10685470104217529,8.933333333333334,0.01772626241048177,0.11185789108276367,18.833333333333332
13,7,0.03215303421020508,0.10130213101704916,9.733333333333333,0.02042535940806071,0.10596574147542318,9.733333333333333,0.018215092023213704,0.11048174699147542,9.733333333333333,0.015783206621805827,0.10812826951344807,21.0
13,8,0.035265080134073895,0.09240395228068034,8.233333333333333,0.023795676231384278,0.10479318300882975,8.233333333333333,0.019163004557291665,0.11008428732554118,8.3,0.01685043970743815,0.11115132172902426,22.2
13,9,0.027452238400777183,0.09731189409891765,9.5,0.021078872680664062,0.10576043923695883,9.5,0.018305325508117677,0.10755429267883301,9.5,0.01203760306040446,0.11194968223571777,25.266666666666666
13,10,0.028534754117329916,0.09613408247629801,10.633333333333333,0.026976148287455242,0.10976357460021972,10.633333333333333,0.01881903807322184,0.11057782967885335,10.633333333333333,0.011971990267435709,0.10719117323557535,26.0
13,11,0.028065077463785806,0.10573748747507732,9.433333333333334,0.021430436770121256,0.10441788037618001,9.433333333333334,0.018882910410563152,0.10748946666717529,9.433333333333334,0.014789239565531413,0.10421032905578613,27.933333333333334
13,12,0.027969765663146972,0.09427228768666586,8.933333333333334,0.021124776204427084,0.10768300692240397,8.933333333333334,0.018777346611022948,0.1115830103556315,8.933333333333334,0.011926960945129395,0.1143275817235311,27.466666666666665
13,13,0.02574629783630371,0.09897801081339518,7.166666666666667,0.021607375144958495,0.11070921421051025,7.166666666666667,0.01713412602742513,0.10695192019144693,7.166666666666667,0.010519472757975261,0.10823294321695963,29.4
14,3,0.03158371448516846,0.10525107383728027,7.1,0.016634162267049155,0.10338367621103922,7.1,0.014401125907897949,0.10682944456736247,7.1,0.01319414774576823,0.10671756267547608,12.033333333333333
14,4,0.025427778561909992,0.0974515994389852,7.2,0.014382481575012207,0.1099030335744222,6.933333333333334,0.012903332710266113,0.11148974100748697,6.933333333333334,0.014572668075561523,0.11175316174825033,16.4
14,5,0.029617937405904134,0.09877923329671225,6.7,0.01706718603769938,0.10564724604288737,6.7,0.015438437461853027,0.10640832583109537,6.733333333333333,0.015372792879740397,0.11828944683074952,16.366666666666667
14,6,0.029150907198588052,0.09663283824920654,9.933333333333334,0.01804672082265218,0.10873189767201742,9.933333333333334,0.015581154823303222,0.10809617042541504,10.0,0.01360008716583252,0.11510263284047445,19.166666666666668
14,7,0.02381903330485026,0.10484284559885661,10.0,0.01709881623586019,0.10871237913767497,10.0,0.014420143763224284,0.10517112414042155,10.0,0.008832732836405436,0.10756409962972005,21.0
14,8,0.03225277264912923,0.09521175225575765,9.466666666666667,0.023117454846700032,0.11471074422200521,9.466666666666667,0.018537322680155437,0.103180726369222,9.466666666666667,0.015901835759480794,0.10636948744455973,22.166666666666668
14,9,0.026675971349080403,0.1004422664642334,10.3,0.025818634033203124,0.1045214573542277,10.3,0.017459964752197264,0.10386197566986084,10.3,0.011279877026875813,0.10848728020985922,24.2
14,10,0.028704365094502766,0.09909641742706299,10.366666666666667,0.023916141192118327,0.10213323434193929,10.366666666666667,0.018900648752848307,0.11000053882598877,10.366666666666667,0.012000719706217447,0.1063767910003662,26.933333333333334
14,11,0.02835374673207601,0.09660662810007731,10.166666666666666,0.021404854456583657,0.10940833886464436,10.166666666666666,0.021379677454630534,0.10122053623199463,10.166666666666666,0.012161008516947429,0.11139749685923259,28.066666666666666
14,12,0.03069327672322591,0.10015998681386312,9.633333333333333,0.021122074127197264,0.11092096964518229,9.633333333333333,0.01845085620880127,0.10909614562988282,9.633333333333333,0.01190497875213623,0.10548526446024577,29.2
14,13,0.029019999504089355,0.09528114795684814,8.433333333333334,0.024552098910013833,0.10636123021443684,8.433333333333334,0.022112544377644858,0.10825228691101074,8.433333333333334,0.012848726908365886,0.11531879107157389,30.066666666666666
14,14,0.025879065195719402,0.10512387752532959,6.266666666666667,0.01931461493174235,0.11987775166829427,6.266666666666667,0.020547731717427572,0.11577735741933187,6.266666666666667,0.01111895243326823,0.11613372961680095,34.0
15,3,0.024162451426188152,0.10167701244354248,7.6,0.01713423728942871,0.10767997900644938,7.6,0.015750638643900552,0.11109787623087565,7.6,0.01286920706431071,0.11441622575124105,13.5
15,4,0.028370086352030435,0.09750131766001384,8.033333333333333,0.017579285303751628,0.10724012851715088,8.033333333333333,0.015418140093485515,0.10970212618509928,8.033333333333333,0.017088651657104492,0.1122927188873291,14.633333333333333
15,5,0.02876602013905843,0.10322264035542807,6.866666666666666,0.017003838221232095,0.10844604969024658,6.866666666666666,0.01518394152323405,0.10837268829345703,6.866666666666666,0.01328604221343994,0.10899881521860759,15.933333333333334
15,6,0.02733928362528483,0.09907297293345134,9.366666666666667,0.01613608201344808,0.10555834770202636,9.366666666666667,0.014285008112589518,0.10816352367401123,9.4,0.012385384241739909,0.11642585595448812,20.1
15,7,0.030711881319681802,0.1000160296758016,6.3,0.020410474141438803,0.10769681930541992,6.3,0.015259997049967448,0.10923136075337728,6.433333333333334,0.01508792241414388,0.11051305135091145,19.2
15,8,0.02496474583943685,0.10865341822306315,10.366666666666667,0.01840848128000895,0.10528729756673177,10.366666666666667,0.017890175183614094,0.10797375837961833,10.366666666666667,0.009444745381673177,0.10805808703104655,23.2
15,9,0.026566036542256675,0.10089503129323324,11.066666666666666,0.01963631312052409,0.11001035372416178,11.066666666666666,0.016954708099365234,0.10640144348144531,11.066666666666666,0.010927891731262207,0.11254436175028483,23.933333333333334
15,10,0.032697137196858725,0.09856723149617513,9.566666666666666,0.021076265970865884,0.11313560009002685,9.566666666666666,0.01869816780090332,0.1074382225672404,9.7,0.015642333030700683,0.10606104532877604,26.3
15,11,0.02921590010325114,0.09248902797698974,7.533333333333333,0.021363528569539388,0.10672555764516195,7.533333333333333,0.0195461908976237,0.1083013931910197,7.733333333333333,0.014538995424906413,0.11565049489339192,25.966666666666665
15,12,0.028469284375508625,0.1017014741897583,10.833333333333334,0.02124155362447103,0.10899675687154134,10.833333333333334,0.0185070276260376,0.1048435926437378,10.833333333333334,0.012044310569763184,0.10772020816802978,29.733333333333334
15,13,0.02848950227101644,0.10057315031687418,10.6,0.021528220176696776,0.10770270824432374,10.6,0.021703648567199706,0.10449883143107096,10.6,0.012148912747701008,0.11068743069966634,32.06666666666667
15,14,0.03116927941640218,0.09606608549753824,9.0,0.0213726282119751,0.11521502335866292,9.0,0.018581326802571616,0.1042694091796875,9.0,0.012035854657491048,0.10769193172454834,34.666666666666664
15,15,0.024531292915344238,0.10612252553304037,6.566666666666666,0.021581633885701498,0.10383793512980143,6.566666666666666,0.019796172777811687,0.10500180721282959,6.566666666666666,0.013489715258280436,0.10705334345499674,35.13333333333333
16,2,0.022773051261901857,0.10434047381083171,5.2,0.010670876502990723,0.11310791969299316,3.8666666666666667,0.009502887725830078,0.10890733400980632,3.8666666666666667,0.010724131266276042,0.1139374574025472,11.1
16,4,0.026035269101460774,0.10146484375,4.633333333333334,0.012568179766337078,0.1162567138671875,5.033333333333333,0.011113111178080242,0.1132680336634318,5.033333333333333,0.013419707616170248,0.11061795552571614,16.8
16,5,0.026151116689046225,0.09787886142730713,9.0,0.017456563313802083,0.11387763818105062,9.0,0.012784067789713542,0.10878543853759766,9.0,0.013317473729451497,0.11125694910685222,17.3
16,6,0.03252988656361898,0.10141900380452475,9.2,0.021622204780578615,0.10669513543446858,9.2,0.018986034393310546,0.1049981673558553,9.333333333333334,0.016089773178100585,0.11209758122762044,19.466666666666665
16,7,0.03544355233510335,0.09910401503245035,8.533333333333333,0.019533586502075196,0.10474891662597656,8.533333333333333,0.016922839482625327,0.10721253554026286,8.533333333333333,0.016054606437683104,0.11496241887410481,21.366666666666667
16,8,0.03337112267812093,0.09614027341206868,7.533333333333333,0.02139095465342204,0.11032133897145589,7.633333333333334,0.01627352237701416,0.11253090699513753,7.7,0.016184202829996743,0.11089982191721598,24.666666666666668
16,9,0.032516853014628096,0.09770641326904297,11.566666666666666,0.024013408025105796,0.10628538926442464,11.566666666666666,0.02107656796773275,0.10981868108113607,11.666666666666666,0.018142072359720866,0.10488409996032715,26.133333333333333
16,10,0.029216424624125163,0.09837326208750406,11.2,0.020382420221964518,0.10879716078440348,11.2,0.017734177907307944,0.10976281960805258,11.2,0.011184374491373697,0.10764609177907308,27.866666666666667
16,11,0.0332129955291748,0.0981902281443278,9.7,0.021985872586568197,0.10996322631835938,9.7,0.01908421516418457,0.10779775778452555,9.833333333333334,0.016394758224487306,0.10868839422861735,28.933333333333334
16,12,0.028158171971638998,0.0968562682469686,12.066666666666666,0.021728269259134927,0.10139556725819905,12.066666666666666,0.0190000851949056,0.10878680547078451,12.066666666666666,0.012028328577677409,0.11523046493530273,31.466666666666665
16,13,0.03183979988098144,0.09912514686584473,10.766666666666667,0.021052050590515136,0.10933207670847575,10.766666666666667,0.018609134356180827,0.1062567392985026,10.766666666666667,0.011908944447835286,0.10499300161997477,31.4
16,14,0.028729987144470216,0.10141003131866455,10.366666666666667,0.024546051025390626,0.10499246915181477,10.366666666666667,0.022177950541178385,0.10808813571929932,10.366666666666667,0.012534149487813314,0.10833770434061686,36.666666666666664
16,15,0.02713623841603597,0.09923484325408935,7.933333333333334,0.02091397444407145,0.10494138399759928,7.933333333333334,0.018924450874328612,0.10593857765197753,7.933333333333334,0.014983216921488443,0.11369625727335612,34.333333333333336
16,16,0.02516592343648275,0.09846699237823486,6.466666666666667,0.02143106460571289,0.10802849928538004,6.466666666666667,0.01680009365081787,0.10949621995290121,6.466666666666667,0.010746526718139648,0.10992608865102133,39.46666666666667
17,3,0.024732335408528646,0.10305771032969156,5.366666666666666,0.016322875022888185,0.1134829044342041,5.366666666666666,0.011957224210103352,0.10683854420979817,5.366666666666666,0.012569856643676759,0.10775487422943116,14.866666666666667
17,4,0.025400551160176595,0.10077125231424967,8.8,0.015104532241821289,0.10990692774454752,8.8,0.016400877634684244,0.1140241781870524,8.8,0.012428895632425944,0.10668304761250814,16.3
17,5,0.029948854446411134,0.10048556327819824,5.8,0.015080110232035319,0.10889511108398438,6.166666666666667,0.015443833669026692,0.10520273844401042,6.166666666666667,0.017105499903361004,0.1115225076675415,17.933333333333334
17,6,0.030892189343770346,0.10274407068888346,9.633333333333333,0.019953123728434243,0.10582508246103922,9.633333333333333,0.017650564511617024,0.10722773869832357,9.633333333333333,0.015305288632710775,0.10692782402038574,19.866666666666667
17,7,0.031021896998087564,0.09627066453297933,8.3,0.021317704518636068,0.10632214546203614,8.3,0.016242257754007974,0.1134491761525472,8.3,0.013094488779703777,0.10900043646494548,19.866666666666667
17,8,0.03399507999420166,0.09332098960876464,9.033333333333333,0.020638553301493327,0.10668153762817383,9.033333333333333,0.017963711420694986,0.10740319887797038,9.166666666666666,0.017618830998738608,0.11503318150838217,22.5
17,9,0.03318463961283366,0.10203781922658285,7.233333333333333,0.018885342280069987,0.1126008669535319,7.233333333333333,0.016602651278177897,0.11130260626475016,7.233333333333333,0.01621549129486084,0.11075480779012044,25.4
17,10,0.034302377700805665,0.1051150639851888,11.666666666666666,0.02785789966583252,0.10299880504608154,11.666666666666666,0.019634342193603514,0.11242131392161052,11.7,0.016209944089253744,0.10697260697682699,27.266666666666666
17,11,0.027733222643534342,0.09842861493428548,11.533333333333333,0.023926178614298504,0.10956111749013266,11.533333333333333,0.02116525173187256,0.10741678873697917,11.533333333333333,0.011723065376281738,0.11135233243306478,30.6
17,12,0.033629870414733885,0.09575422604878743,10.333333333333334,0.022102777163187662,0.11086318492889405,10.166666666666666,0.019372709592183433,0.10821308294932047,10.566666666666666,0.016025201479593913,0.1090678056081136,30.9
17,13,0.028722453117370605,0.0980804999669393,12.266666666666667,0.02202261288960775,0.10457011858622232,12.266666666666667,0.02170997460683187,0.11203249295552571,12.266666666666667,0.011966562271118164,0.109392515818278,32.6
17,14,0.02788386344909668,0.09848415851593018,10.1,0.02387214501698812,0.10833779970804851,10.1,0.019063496589660646,0.10698302586873372,10.1,0.012195309003194174,0.11003204981486002,34.666666666666664
17,15,0.02823646863301595,0.09832514921824137,9.833333333333334,0.021708075205485025,0.10579344431559244,9.833333333333334,0.022220762570699056,0.1124405066172282,9.833333333333334,0.01216561794281006,0.10348747571309408,38.46666666666667
17,16,0.027425622940063475,0.0945592482884725,8.266666666666667,0.02408324877421061,0.11023189226786295,8.266666666666667,0.02160828113555908,0.10643489360809326,8.266666666666667,0.012195277214050292,0.10659643014272054,38.93333333333333
17,17,0.025268816947937013,0.09947334130605062,7.333333333333333,0.021881103515625,0.10776475270589193,7.333333333333333,0.01704262892405192,0.11244444052378337,7.333333333333333,0.010593541463216146,0.10747493902842203,40.2
18,3,0.02547874450683594,0.10024027029673259,7.4,0.013686267534891765,0.10960295995076498,6.933333333333334,0.012315734227498373,0.11449480851491292,6.933333333333334,0.013042577107747396,0.11238691012064615,14.1
18,4,0.02809120814005534,0.101339324315389,6.666666666666667,0.01471383571624756,0.11516170501708985,6.4,0.01295772393544515,0.10758415857950847,6.4,0.01394641399383545,0.1083170493443807,16.1
18,5,0.032975419362386064,0.0967507282892863,7.6,0.020558508237202962,0.10311787923177083,9.133333333333333,0.018026161193847656,0.10756866137186687,8.833333333333334,0.01793355941772461,0.11165180206298828,19.0
18,6,0.03104562759399414,0.09414800802866617,6.3,0.015817904472351076,0.11649553775787354,6.966666666666667,0.013743376731872559,0.11089829603830974,7.033333333333333,0.01742714246114095,0.10993416309356689,20.6
18,7,0.032466578483581546,0.09640535513559977,10.3,0.023541935284932456,0.10392103989919027,10.3,0.018360002835591634,0.10523404280344645,10.3,0.01490935484568278,0.11960232257843018,22.366666666666667
18,8,0.031031258900960288,0.09838476181030273,11.9,0.019171563784281413,0.11360116799672444,11.9,0.016261665026346843,0.11180125077565511,11.966666666666667,0.014499179522196452,0.10535080432891845,25.966666666666665
18,9,0.035144472122192384,0.09820320606231689,9.833333333333334,0.023679256439208984,0.10465033054351806,9.866666666666667,0.01843891938527425,0.11005059878031413,9.866666666666667,0.01763592561086019,0.10801184177398682,30.2
18,10,0.03257749875386556,0.09985077381134033,11.666666666666666,0.021254372596740723,0.1078519344329834,11.666666666666666,0.018877879778544108,0.11140399773915609,11.766666666666667,0.016060829162597656,0.10818812052408854,28.966666666666665
18,11,0.027037930488586426,0.10032623608907064,12.066666666666666,0.023232022921244305,0.10416269302368164,12.066666666666666,0.020253952344258627,0.10794591903686523,12.066666666666666,0.013936456044514973,0.10469019412994385,30.733333333333334
18,12,0.028025293350219728,0.1055800199508667,12.466666666666667,0.021336960792541503,0.1044778823852539,12.466666666666667,0.021429141362508137,0.11196253299713135,12.466666666666667,0.011641105016072592,0.10569465160369873,32.13333333333333
18,13,0.0345095157623291,0.09982890288035075,10.866666666666667,0.022195164362589517,0.10959826310475668,10.5,0.019414806365966798,0.10997235774993896,10.9,0.015806714693705242,0.10113141536712647,33.733333333333334
18,14,0.03108959992726644,0.09383436838785807,8.166666666666666,0.020005019505818684,0.10706957976023355,7.966666666666667,0.018158729871114096,0.11124454339345297,8.1,0.015310319264729817,0.11346671581268311,35.733333333333334
18,15,0.02768404483795166,0.10120066006978352,10.2,0.02132548491160075,0.11190527280171712,10.2,0.018661324183146158,0.106968092918396,10.2,0.011863295237223308,0.10668179194132486,38.06666666666667
18,16,0.027912386258443198,0.09681212107340495,9.966666666666667,0.021408796310424805,0.10585777759552002,9.966666666666667,0.01890101432800293,0.11037818590799968,9.966666666666667,0.012255644798278809,0.10877440770467123,39.2
18,17,0.027506383260091145,0.09434818426767985,8.933333333333334,0.024045387903849285,0.10519872506459554,8.933333333333334,0.022129019101460774,0.11019408702850342,8.933333333333334,0.012101395924886068,0.10765840212504069,41.0
18,18,0.02493764559427897,0.10011480649312338,6.866666666666666,0.018553503354390464,0.11192372639973959,6.866666666666666,0.01713142395019531,0.1049294630686442,6.866666666666666,0.01048125425974528,0.11083329518636068,42.8
19,4,0.03050833543141683,0.09999222755432129,8.433333333333334,0.019563738505045572,0.10971961816151937,8.1,0.014823261896769207,0.10987483660380046,8.1,0.014813788731892904,0.11005245844523112,17.066666666666666
19,5,0.03032042980194092,0.09802807966868082,7.733333333333333,0.01952062447865804,0.10979681015014649,7.333333333333333,0.014353783925374348,0.10579211711883545,7.4,0.013895440101623534,0.1150472084681193,18.866666666666667
19,6,0.03144404093424479,0.0963306983311971,12.2,0.02312320868174235,0.11007956663767497,12.2,0.017206891377766927,0.10933566888173421,12.2,0.01420000394185384,0.10678306420644125,20.5
19,7,0.032613062858581544,0.1003341277440389,10.166666666666666,0.018074464797973634,0.10847744146982828,10.033333333333333,0.015586511294047038,0.10807466506958008,10.133333333333333,0.014843400319417317,0.11196707884470622,24.133333333333333
19,8,0.03581147193908692,0.10289187431335449,11.966666666666667,0.02136398951212565,0.10860661665598552,11.966666666666667,0.020944460233052572,0.10691366990407308,12.0,0.01971625487009684,0.10765844186147054,26.733333333333334
19,9,0.03212792873382568,0.09856114387512208,12.033333333333333,0.02056901454925537,0.11031714280446371,12.033333333333333,0.01755213737487793,0.1064247210820516,12.133333333333333,0.014500085512797039,0.11410868962605794,27.133333333333333
19,10,0.03437275886535644,0.1020702838897705,13.2,0.0215165376663208,0.10561315218607585,13.2,0.01906245549519857,0.10500227610270182,13.3,0.015711037317911784,0.10987888971964518,31.133333333333333
19,11,0.03327686786651611,0.09861001173655191,12.1,0.02498180866241455,0.10939741134643555,12.1,0.01877002716064453,0.10089061260223389,12.133333333333333,0.019036078453063966,0.10806437333424886,31.166666666666668
19,12,0.02784574031829834,0.10197004477183023,12.4,0.021151351928710937,0.11292613347371419,12.4,0.01842941443125407,0.10675086180369059,12.4,0.01443329652150472,0.10769672393798828,32.0
19,13,0.028364785512288413,0.09726494948069254,12.9,0.02168262004852295,0.10931804974873861,12.9,0.019015558560689292,0.10719807147979736,12.9,0.011912814776102702,0.11065978209177653,34.733333333333334
19,14,0.036676851908365886,0.10094407399495443,10.966666666666667,0.023253528277079265,0.11393824418385824,9.766666666666667,0.020591179529825848,0.10873241424560547,10.166666666666666,0.017646137873331705,0.1142510970433553,37.8
19,15,0.028932507832845053,0.09542243480682373,11.966666666666667,0.02523198127746582,0.10685641765594482,11.966666666666667,0.022472262382507324,0.11158312161763509,11.966666666666667,0.012217187881469726,0.10760037104288737,39.266666666666666
19,16,0.028298592567443846,0.09454725583394369,11.433333333333334,0.022022374471028647,0.12537632783253988,11.433333333333334,0.01939202149709066,0.10267457167307535,11.433333333333334,0.012165673573811849,0.10318976243336996,40.93333333333333
19,17,0.032484912872314455,0.10578664938608805,10.2,0.022803743680318195,0.11914831002553304,10.2,0.020742408434549966,0.10533498922983806,10.2,0.013110192616780598,0.10620697339375813,43.13333333333333
19,18,0.031822005907694496,0.11435959339141846,8.6,0.025045061111450197,0.12650274435679118,8.6,0.02280573844909668,0.12181359926859538,8.6,0.014318410555521648,0.12928576469421388,42.93333333333333
19,19,0.029770565032958985,0.12192043463389078,6.8,0.02293717861175537,0.1265545924504598,6.8,0.02078698476155599,0.1199385643005371,6.8,0.012580068906148274,0.12327214082082112,44.06666666666667
20,4,0.030977900822957358,0.10842080911000569,9.8,0.016660428047180174,0.11724207401275635,9.8,0.01364599068959554,0.12028865814208985,9.8,0.015308554967244465,0.11537517706553141,17.6
20,5,0.03517084121704102,0.10393427213033041,9.933333333333334,0.01912398338317871,0.11935290495554605,8.866666666666667,0.016428351402282715,0.11230232715606689,8.866666666666667,0.016130797068277993,0.11445334752400717,19.133333333333333
20,6,0.03755397001902262,0.10397125879923502,9.8,0.01936782201131185,0.11907468636830648,11.366666666666667,0.016048105557759602,0.11420602798461914,11.633333333333333,0.016135581334431968,0.11246023972829183,22.233333333333334
20,7,0.042616836229960126,0.10159045060475667,9.633333333333333,0.022510409355163574,0.11502680778503419,10.133333333333333,0.018640907605489095,0.10972950458526612,10.133333333333333,0.017421833674112954,0.1154176950454712,23.3
20,8,0.037210663159688316,0.10460035006205241,11.633333333333333,0.02360424995422363,0.1105360746383667,11.633333333333333,0.01763153870900472,0.11537518501281738,11.733333333333333,0.0163848876953125,0.11586339473724365,25.133333333333333
20,9,0.03957385222117106,0.10632754961649576,13.8,0.02599188486735026,0.10888399283091227,13.6,0.020152688026428223,0.11708153088887532,13.7,0.01798743406931559,0.11263683636983236,29.466666666666665
20,10,0.03453894456227621,0.10453007221221924,9.433333333333334,0.02072899341583252,0.11520076592763265,9.2,0.018207311630249023,0.11460277239481607,9.2,0.018314297993977866,0.11418343385060628,27.166666666666668
20,11,0.03896088600158691,0.09759498437245687,10.2,0.023340463638305664,0.1161209503809611,10.2,0.0208759069442749,0.11055503686269125,10.433333333333334,0.021051637331644692,0.11850011348724365,31.466666666666665
20,12,0.03692594369252523,0.11010510921478271,12.866666666666667,0.023544557889302573,0.11096149285634359,12.6,0.020583486557006835,0.1135103702545166,12.733333333333333,0.018083961804707845,0.1105320930480957,34.53333333333333
20,13,0.029573615392049155,0.10011719862620036,12.033333333333333,0.022447872161865234,0.12235049406687419,12.033333333333333,0.02029154300689697,0.11040551662445068,12.033333333333333,0.012392052014668782,0.10950419902801514,34.6
20,14,0.03709408442179362,0.10022960503896078,11.333333333333334,0.024096147219340006,0.11618557771046957,11.133333333333333,0.026401909192403157,0.10427574316660564,11.166666666666666,0.017868781089782716,0.11057248910268148,38.6
20,15,0.037404902776082355,0.10376679102579753,10.633333333333333,0.0326752503712972,0.10692071914672852,10.4,0.023698043823242188,0.10646359920501709,10.466666666666667,0.017669820785522462,0.11975733439127605,37.333333333333336
20,16,0.03415461381276449,0.10165792306264242,8.533333333333333,0.02198469638824463,0.11946650346120198,8.533333333333333,0.018986709912618003,0.11562943458557129,8.866666666666667,0.016313997904459636,0.10517942905426025,40.333333333333336
20,17,0.0313024361928304,0.1062076727549235,11.666666666666666,0.023226579030354817,0.10917400519053141,11.666666666666666,0.020630542437235513,0.10872142314910889,11.666666666666666,0.013128868738810221,0.11799707412719726,41.266666666666666
20,18,0.03106382687886556,0.10396410624186198,10.166666666666666,0.022983622550964356,0.10751999219258626,10.166666666666666,0.020623413721720378,0.11546725432078044,10.166666666666666,0.013038142522176107,0.11653956572214762,42.53333333333333
20,19,0.031124146779378255,0.1037038246790568,9.2,0.023251684506734212,0.10597412586212158,9.2,0.02055480480194092,0.12250354290008544,9.2,0.01324163277943929,0.11303726037343344,45.266666666666666
20,20,0.02720669110616048,0.10502216021219889,7.433333333333334,0.020263465245564778,0.11466568311055501,7.433333333333334,0.018387269973754884,0.11187511285146078,7.433333333333334,0.011659177144368489,0.11709132194519042,44.93333333333333
21,3,0.030020459493001302,0.10598522027333578,6.566666666666666,0.01394027868906657,0.12009268601735433,6.166666666666667,0.011919522285461425,0.11579816341400147,6.166666666666667,0.01287995974222819,0.11950183709462484,14.2
21,5,0.03423772652943929,0.11149265766143798,11.466666666666667,0.01826624870300293,0.11013545989990234,10.366666666666667,0.021522061030069987,0.11018451849619547,10.4,0.015828172365824383,0.11467687288920085,19.7
21,6,0.036994187037150066,0.11163485050201416,10.0,0.02137181758880615,0.10936510562896729,10.0,0.021051867802937826,0.10712608496348063,10.0,0.019951399167378744,0.11508487860361735,21.366666666666667
21,7,0.0438734769821167,0.10807398160298666,11.066666666666666,0.02153629461924235,0.11099590460459391,10.933333333333334,0.017704025904337565,0.11058268547058106,11.3,0.017279982566833496,0.11511565049489339,24.5
21,8,0.04258500734965007,0.1078243096669515,10.033333333333333,0.02925286293029785,0.11318585872650147,10.433333333333334,0.01952339808146159,0.11748671531677246,10.533333333333333,0.022327653566996255,0.12241374651590983,27.0
21,9,0.03994774023691813,0.10932597319285074,12.966666666666667,0.02481388250986735,0.11375834147135416,12.8,0.020435070991516112,0.11490907669067382,12.8,0.019967897733052572,0.11703194777170817,24.6
21,10,0.03506749471028646,0.09948826630910237,12.8,0.0279722531636556,0.11358888943990071,12.8,0.01903386910756429,0.11240061124165852,12.933333333333334,0.015252025922139485,0.11485136349995931,29.366666666666667
21,11,0.037502344449361166,0.0993009090423584,14.1,0.023563718795776366,0.11626410484313965,14.1,0.020017115275065105,0.11554239590962728,14.166666666666666,0.016001629829406738,0.12012898921966553,31.466666666666665
21,12,0.0421666940053304,0.10951226552327474,10.5,0.02541515032450358,0.11834963162740071,10.733333333333333,0.02143696943918864,0.12096643447875977,10.866666666666667,0.019682065645853678,0.12582983175913492,34.53333333333333
21,13,0.03932995001475016,0.11233752568562826,13.4,0.028975900014241537,0.12084487279256186,13.1,0.022465825080871582,0.12821097373962403,13.166666666666666,0.018435557683308918,0.13756669362386068,33.833333333333336
21,14,0.03291424115498861,0.11875970363616943,13.633333333333333,0.025560776392618816,0.11408336957295735,13.633333333333333,0.024127833048502603,0.11484293142954509,13.633333333333333,0.013283427556355793,0.1219657818476359,36.93333333333333
21,15,0.030382370948791503,0.1109458605448405,13.333333333333334,0.02294304370880127,0.11269524892171225,13.333333333333334,0.020133590698242186,0.10507885615030925,13.333333333333334,0.012773807843526204,0.11466974417368571,37.93333333333333
21,16,0.03727732499440511,0.1043946345647176,10.933333333333334,0.02613232135772705,0.10526166756947836,10.433333333333334,0.02101290225982666,0.11517883936564127,10.566666666666666,0.018000022570292155,0.11370213826497395,39.4
21,17,0.029820013046264648,0.1070914109547933,12.066666666666666,0.022975699106852213,0.11027405261993409,12.066666666666666,0.02023303508758545,0.10521137714385986,12.066666666666666,0.012494842211405436,0.11984291076660156,41.666666666666664
21,18,0.030995122591654458,0.10033837954203288,11.7,0.023470759391784668,0.10718372662862143,11.7,0.023363892237345377,0.11235057512919108,11.7,0.015501666069030761,0.11344022750854492,45.733333333333334
21,19,0.02971644401550293,0.10119541486104329,10.666666666666666,0.025942063331604003,0.10911962191263834,10.666666666666666,0.020256638526916504,0.10992602507273357,10.666666666666666,0.012818630536397297,0.11427584489186605,45.266666666666666
21,20,0.03057714303334554,0.09934407869974772,8.9,0.022817452748616535,0.11265692710876465,8.9,0.020772902170817058,0.11005053520202637,8.9,0.01891012191772461,0.10788958072662354,46.266666666666666
21,21,0.026851479212443033,0.10425976117451986,6.6,0.020012164115905763,0.1172839085261027,6.6,0.018404070536295572,0.11334240436553955,6.6,0.011630725860595704,0.10911063353220622,47.666666666666664
22,2,0.025919516881306965,0.11067361831665039,5.8,0.011365214983622232,0.11106139024098714,6.0,0.009916337331136067,0.11785474618275961,6.0,0.011231271425882976,0.11635353565216064,12.9
22,4,0.03266442616780599,0.105458664894104,7.0,0.016315706570943198,0.11259675820668538,7.9,0.020105862617492677,0.11217881838480631,7.966666666666667,0.01384564240773519,0.1112653414408366,17.466666666666665
22,5,0.03086071809132894,0.10430263678232829,12.366666666666667,0.01638954480489095,0.11011749903361003,11.966666666666667,0.017021958033243814,0.11236806710561116,12.0,0.014564927419026692,0.12378064791361491,20.2
22,6,0.038556726773579915,0.10538378556569418,11.9,0.020320693651835125,0.11765262285868326,10.666666666666666,0.017354472478230795,0.11197015444437662,10.7,0.016521207491556802,0.11539745330810547,20.766666666666666
22,7,0.03307430744171143,0.10724850495656331,13.3,0.019705661137898765,0.11010441780090333,13.3,0.019559470812479655,0.1093329111735026,13.3,0.014117662111918132,0.11880486806233724,23.466666666666665
22,8,0.038140241305033365,0.09693095684051514,13.8,0.02836445172627767,0.11245710055033366,13.8,0.01886021296183268,0.11238984266916911,13.8,0.016098149617513022,0.11068007151285807,27.633333333333333
22,9,0.0437711238861084,0.10540497303009033,11.0,0.02683438460032145,0.104242738087972,11.7,0.019846471150716145,0.10541633764902751,11.7,0.018475723266601563,0.11989765961964925,27.033333333333335
22,10,0.035220551490783694,0.10400218963623047,12.966666666666667,0.02405852476755778,0.11175394058227539,12.966666666666667,0.017905187606811524,0.11266703605651855,13.1,0.015628544489542644,0.1133806308110555,31.733333333333334
22,11,0.025244911511739094,0.1014279286066691,10.4,0.018203059832255047,0.11691973209381104,10.4,0.016143290201822917,0.10934847195943197,10.4,0.009369293848673502,0.11932796637217204,33.0
22,12,0.03637158075968425,0.10158791542053222,10.333333333333334,0.021283674240112304,0.11182342370351156,10.0,0.021444821357727052,0.11536863644917807,10.0,0.01622628370920817,0.10756088892618815,32.36666666666667
22,13,0.029794867833455405,0.10328514575958252,12.466666666666667,0.022570013999938965,0.11128785610198974,12.466666666666667,0.019635669390360513,0.12106606960296631,12.466666666666667,0.012016518910725912,0.11311238606770833,35.266666666666666
22,14,0.03846762180328369,0.10689006646474203,14.133333333333333,0.024936985969543458,0.10915295282999675,13.833333333333334,0.02164616584777832,0.11137017409006754,13.9,0.01826507250467936,0.11123881340026856,39.1
22,15,0.03892551263173421,0.10535151163736979,13.1,0.025086132685343425,0.11007357438405355,12.966666666666667,0.024124622344970703,0.10877890586853027,13.066666666666666,0.01904877821604411,0.1048997163772583,40.13333333333333
22,16,0.0319849173227946,0.10046504338582357,13.333333333333334,0.024130217234293618,0.1095940907796224,13.333333333333334,0.02453291416168213,0.10626502831776936,13.333333333333334,0.013004008928934734,0.11872308254241944,42.93333333333333
22,17,0.03753209908803304,0.096906312306722,10.7,0.024813532829284668,0.11110111872355143,10.033333333333333,0.022069255510965984,0.11088155110677084,10.233333333333333,0.017941212654113768,0.11138982772827148,40.96666666666667
22,18,0.03665994008382161,0.10545540650685628,9.0,0.025044075647989907,0.10551362832387289,8.366666666666667,0.022597082455952964,0.10857085386912028,8.433333333333334,0.0173464298248291,0.11396234035491944,47.06666666666667
22,19,0.03164624373118083,0.10684046745300294,11.233333333333333,0.027234228452046712,0.10671818256378174,11.233333333333333,0.02133896350860596,0.10616366068522136,11.233333333333333,0.013728133837381999,0.1095969279607137,45.53333333333333
22,20,0.03151553471883138,0.10397731463114421,10.266666666666667,0.025395957628885905,0.11433788140614827,10.266666666666667,0.021835740407307944,0.11376438935597738,10.266666666666667,0.013900279998779297,0.1051783005396525,49.733333333333334
22,21,0.03097225824991862,0.10184723536173503,8.933333333333334,0.024025630950927735,0.10798596541086833,8.933333333333334,0.02430915037790934,0.10871961911519369,8.933333333333334,0.016631658871968588,0.11417948404947917,48.46666666666667
22,22,0.028129100799560547,0.10356398423512776,7.133333333333334,0.02107268969217936,0.11232229073842366,7.133333333333334,0.0192294438680013,0.10943777561187744,7.133333333333334,0.0120772918065389,0.1117921272913615,51.06666666666667
23,3,0.027274147669474284,0.10592607657114665,7.033333333333333,0.014819685618082683,0.12079251607259114,7.033333333333333,0.01230623722076416,0.11136897404988606,7.033333333333333,0.013080914815266928,0.11523222923278809,16.033333333333335
23,4,0.03601571718851725,0.11141962210337321,10.766666666666667,0.01585374673207601,0.11156230767567953,8.1,0.013812565803527832,0.11135121981302896,8.1,0.015348521868387859,0.11578357219696045,18.3
23,5,0.03404397169748942,0.10575799147288005,7.966666666666667,0.01698118050893148,0.11459880669911703,7.866666666666666,0.014259258906046549,0.11307353178660075,7.933333333333334,0.015136432647705079,0.1172895352045695,20.2
23,6,0.04742356141408285,0.10371285279591878,9.866666666666667,0.02296021779378255,0.1095995823542277,13.266666666666667,0.01891658306121826,0.11090532143910727,13.233333333333333,0.020014444986979168,0.11406960487365722,22.366666666666667
23,7,0.03972380161285401,0.10318296750386556,12.6,0.020227932929992677,0.11270936330159505,13.533333333333333,0.019403767585754395,0.11631029446919759,13.4,0.01667325496673584,0.11178274949391682,25.8
23,8,0.03684596220652262,0.11030701796213786,12.766666666666667,0.023157866795857747,0.1219283660252889,12.766666666666667,0.019686198234558104,0.11786707242329915,12.766666666666667,0.01654368241628011,0.11609107653299967,27.233333333333334
23,9,0.04364768664042155,0.09813365141550699,12.133333333333333,0.025271797180175783,0.1086573600769043,13.1,0.022964922587076823,0.11569708188374837,13.233333333333333,0.019039018948872884,0.11307598749796549,30.066666666666666
23,10,0.040137720108032224,0.09790897369384766,13.6,0.024878978729248047,0.1107364813486735,13.6,0.029167048136393228,0.10983254114786783,13.8,0.019114589691162108,0.10753607749938965,31.466666666666665
23,11,0.041033633550008136,0.09587458769480388,13.8,0.025106271107991535,0.10960462888081869,13.8,0.020816707611083986,0.1104036251703898,13.933333333333334,0.019429572423299155,0.11698250770568848,32.166666666666664
23,12,0.04174197514851888,0.10271617571512857,13.266666666666667,0.025652615229288737,0.11662821769714356,13.266666666666667,0.021671700477600097,0.11191597779591879,13.466666666666667,0.019846622149149576,0.11299769083658855,34.56666666666667
23,13,0.032545820871988936,0.11095584233601888,12.033333333333333,0.024150379498799644,0.12066153685251872,12.033333333333333,0.023015840848286947,0.12222669124603272,12.033333333333333,0.013525446256001791,0.1094645102818807,37.8
23,14,0.043008820215861006,0.11013313134511311,11.233333333333333,0.026623066266377768,0.12265371481577556,10.9,0.022779440879821776,0.1188519318898519,11.2,0.02104340394337972,0.11890827020009359,36.9
23,15,0.03248817920684814,0.10288952191670736,13.366666666666667,0.02903934319814046,0.10904237429300943,13.366666666666667,0.02500278949737549,0.11599788665771485,13.366666666666667,0.01379708449045817,0.11077691713968912,41.53333333333333
23,16,0.033219528198242185,0.10516756375630697,12.333333333333334,0.028529612223307292,0.10851558844248453,12.333333333333334,0.02265169620513916,0.1178633689880371,12.333333333333334,0.013941629727681478,0.12287848790486654,43.46666666666667
23,17,0.040134978294372556,0.1019279956817627,12.433333333333334,0.027632776896158853,0.11721999645233154,12.166666666666666,0.023475201924641927,0.12087150414784749,12.433333333333334,0.020239543914794923,0.11871144771575928,43.53333333333333
23,18,0.04124744733174642,0.10636130174001059,11.633333333333333,0.02740159034729004,0.11440147558848063,10.933333333333334,0.024530776341756187,0.12125670909881592,11.333333333333334,0.020319000879923502,0.11231935818990071,43.36666666666667
23,19,0.03434422016143799,0.10811524391174317,12.033333333333333,0.027004528045654296,0.1156676451365153,12.033333333333333,0.02392893632253011,0.12246274948120117,12.033333333333333,0.015132331848144531,0.12015275160471599,46.2
23,20,0.03547942638397217,0.11630778312683106,11.333333333333334,0.03182323773701986,0.12711836496988932,11.333333333333334,0.02726284662882487,0.12296536763509115,11.333333333333334,0.015389664967854818,0.12249112923940023,50.8
23,21,0.03334470589955648,0.10650408267974854,10.133333333333333,0.025879645347595216,0.120170259475708,10.133333333333333,0.0231295108795166,0.11867887179056803,10.133333333333333,0.014867464701334635,0.11578641732533773,50.2
23,22,0.03143355051676432,0.09828993479410807,8.966666666666667,0.02437773545583089,0.10474185148874919,8.966666666666667,0.024496865272521973,0.11425865491231282,8.966666666666667,0.01430512269337972,0.10772972901662191,49.733333333333334
23,23,0.028335014979044598,0.09876657327016194,6.7,0.024678333600362142,0.1079322099685669,6.7,0.01999510924021403,0.11258550484975179,6.7,0.01216431458791097,0.1088831901550293,54.86666666666667
24,3,0.028562537829081216,0.09985946814219157,8.6,0.015892521540323893,0.11808425585428874,9.0,0.016863131523132326,0.11582983334859212,9.0,0.01454334259033203,0.12118166287740072,15.9
24,4,0.03150219917297363,0.11195550759633383,8.066666666666666,0.020882542928059897,0.11458361148834229,8.466666666666667,0.014812517166137695,0.11703577836354574,8.466666666666667,0.015096131960550945,0.12048525810241699,17.4
24,5,0.04278011322021484,0.10333720842997234,10.366666666666667,0.023390769958496094,0.11841238339742025,10.166666666666666,0.018262410163879396,0.12347644170125326,10.066666666666666,0.017440319061279297,0.12553069591522217,20.766666666666666
24,6,0.04301068782806396,0.12274614175160727,8.533333333333333,0.0247405211130778,0.1313429037729899,8.666666666666666,0.01860527992248535,0.13005741437276205,8.866666666666667,0.018745009104410806,0.13451019128163655,22.533333333333335
24,7,0.041497270266215004,0.10565849145253499,13.033333333333333,0.023510416348775227,0.11409926414489746,12.633333333333333,0.019576056798299154,0.11233709653218588,12.7,0.01815164089202881,0.11736984252929687,24.9
24,8,0.03759903113047282,0.1091721773147583,14.133333333333333,0.02346313794453939,0.12411691347757975,14.133333333333333,0.020605770746866862,0.11994359493255616,14.133333333333333,0.016170231501261394,0.11684315999348958,27.4
24,9,0.03954850832621257,0.10415467421213785,12.5,0.025678388277689614,0.12436082363128662,12.5,0.021880491574605306,0.11945970058441162,12.5,0.018795212109883625,0.12286080519358317,30.066666666666666
24,10,0.04716236591339111,0.1026204506556193,13.033333333333333,0.029625757535298666,0.10753850142161052,13.666666666666666,0.024276216824849445,0.1109861930211385,13.833333333333334,0.020415663719177246,0.11362500190734863,32.9
24,11,0.044297981262207034,0.1018469254175822,12.0,0.025934775670369465,0.11228195826212566,12.5,0.02401625315348307,0.10874558289845784,12.566666666666666,0.02063006560007731,0.1104190190633138,34.06666666666667
24,12,0.02751320997873942,0.10264326731363932,10.4,0.02265000343322754,0.11061225732167562,10.4,0.017440191904703774,0.11127839088439942,10.4,0.010177167256673177,0.11929943561553955,36.0
24,13,0.031180302302042644,0.10677048365275064,11.666666666666666,0.023575433095296226,0.11988638242085775,11.666666666666666,0.02001969814300537,0.11130897204081218,11.666666666666666,0.015714518229166665,0.11166807015736897,37.53333333333333
24,14,0.03918216228485107,0.10362695852915446,13.6,0.027576430638631185,0.11019862492879232,13.6,0.02161873976389567,0.10722924868265787,13.766666666666667,0.018482176462809245,0.11328612963358561,39.2
24,15,0.04162822564442952,0.09300291538238525,11.7,0.02723102569580078,0.10604991912841796,11.366666666666667,0.021338860193888348,0.10594017505645752,11.566666666666666,0.01994203726450602,0.1068600336710612,40.2
24,16,0.039360729853312175,0.09376908938090006,14.3,0.030471118291219075,0.10915505886077881,13.933333333333334,0.021703664461771646,0.10536629358927409,13.966666666666667,0.016847991943359376,0.10482266743977865,41.0
24,17,0.030541507403055827,0.10102953910827636,12.233333333333333,0.0238512913386027,0.10395919481913249,12.233333333333333,0.020565176010131837,0.10383090972900391,12.233333333333333,0.013040701548258463,0.11264695326487223,43.93333333333333
24,18,0.03919788201649984,0.0951366106669108,12.166666666666666,0.025764854749043782,0.10966176191965739,11.633333333333333,0.0226516326268514,0.10778222878774008,11.866666666666667,0.01961665153503418,0.10879239241282145,47.166666666666664
24,19,0.03912413914998372,0.1050530751546224,11.533333333333333,0.025861700375874836,0.1096826950709025,10.833333333333334,0.021961688995361328,0.10760600566864013,10.9,0.01810598373413086,0.10595046679178874,48.03333333333333
24,20,0.030780482292175292,0.0945809284845988,12.1,0.02391839027404785,0.11150359312693278,12.1,0.02104318936665853,0.10902876853942871,12.1,0.013171076774597168,0.10298170248667399,49.06666666666667
24,21,0.03072041670481364,0.09234003225962321,11.533333333333333,0.02645882765452067,0.10316143830617269,11.533333333333333,0.02365147272745768,0.10933366616566977,11.533333333333333,0.016059311230977376,0.10299878120422364,49.8
24,22,0.03090959390004476,0.09468418757120768,10.666666666666666,0.02404970328013102,0.11004120508829753,10.666666666666666,0.024092253049214682,0.10759664376576741,10.666666666666666,0.01334394613901774,0.10566299756368001,53.86666666666667
24,23,0.03032682736714681,0.09330427646636963,9.133333333333333,0.023394314448038737,0.11598076820373535,9.133333333333333,0.020993884404500326,0.10457886060078939,9.133333333333333,0.01312710444132487,0.10197603702545166,56.46666666666667
24,24,0.02685062090555827,0.09841634432474772,7.4,0.023690263430277508,0.10389991601308186,7.4,0.018768906593322754,0.10430800120035807,7.4,0.014532121022542317,0.10688567161560059,55.46666666666667
25,4,0.03068367640177409,0.09979817072550455,10.033333333333333,0.02027143637339274,0.10545647939046224,10.233333333333333,0.017453900973002114,0.10562395254770915,10.233333333333333,0.014626844724019369,0.10801626046498616,18.766666666666666
25,5,0.03274822235107422,0.10175092220306396,9.233333333333333,0.01752948760986328,0.10759175618489583,9.233333333333333,0.01499327023824056,0.10893521308898926,9.233333333333333,0.014179023106892903,0.10912187099456787,19.7
25,6,0.03915632565816243,0.09511901537577311,11.166666666666666,0.023697566986083985,0.10913373629252116,11.933333333333334,0.01750051180521647,0.11136887073516846,11.966666666666667,0.016500123341878257,0.10915729204813639,23.533333333333335
25,7,0.035955015818277994,0.09991465409596761,13.466666666666667,0.02198925813039144,0.10411319732666016,13.266666666666667,0.02137779394785563,0.10175768534342448,13.333333333333334,0.01564482847849528,0.1132157564163208,25.6
25,8,0.032338587443033855,0.1002772569656372,13.4,0.019342358907063803,0.10914342403411866,13.4,0.016127959887186686,0.10556898911794027,13.4,0.01328118642171224,0.10782930056254068,28.1
25,9,0.04284420808156331,0.09824612935384115,14.1,0.0230927308400472,0.10224394798278809,14.5,0.01925653616587321,0.10781292915344239,14.566666666666666,0.017284186681111653,0.10998974641164144,29.4
25,10,0.04362634023030599,0.09666380087534586,13.866666666666667,0.02653830051422119,0.10681005318959554,14.566666666666666,0.019814229011535643,0.10400636196136474,14.7,0.01863362789154053,0.10774862766265869,31.233333333333334
25,11,0.03302741845448812,0.09414705435434977,12.866666666666667,0.02245010534922282,0.10849772294362386,12.866666666666667,0.016977842648824057,0.1077240546544393,13.0,0.013866829872131347,0.11334554354349773,35.0
25,12,0.04291267395019531,0.0967982530593872,11.666666666666666,0.024094589551289878,0.10873231887817383,12.666666666666666,0.020614282290140788,0.10516952673594157,12.866666666666667,0.02232518990834554,0.10607386430104573,33.46666666666667
25,13,0.03886031309763591,0.09822263717651367,14.533333333333333,0.02403434117635091,0.10686295827229818,14.066666666666666,0.020931951204935708,0.11026825110117594,14.066666666666666,0.016885574658711752,0.1060918649037679,38.166666666666664
25,14,0.04128863016764323,0.09737266699473063,14.5,0.024306273460388182,0.1094117005666097,14.166666666666666,0.020936902364095053,0.10265723069508871,14.433333333333334,0.019562681516011555,0.10801333586374919,42.56666666666667
25,15,0.035250314076741535,0.10178398291269938,11.033333333333333,0.02128744920094808,0.10303795337677002,10.733333333333333,0.019062733650207518,0.10857582092285156,10.733333333333333,0.015252161026000976,0.10706015427907307,39.233333333333334
25,16,0.03723273277282715,0.09519996643066406,14.3,0.023961424827575684,0.10773098468780518,14.033333333333333,0.021171744664510092,0.10386370817820231,14.233333333333333,0.020131921768188475,0.11238298416137696,42.7
25,17,0.030537724494934082,0.09578883647918701,12.9,0.025994237263997397,0.11615041097005209,12.9,0.023001702626546223,0.1013424555460612,12.9,0.0130629301071167,0.10271428426106771,46.86666666666667
25,18,0.030782500902811687,0.09519692262013753,13.566666666666666,0.02330153783162435,0.10617594718933106,13.566666666666666,0.020357330640157063,0.11755484739939372,13.566666666666666,0.01269518534342448,0.10489509105682374,47.06666666666667
25,19,0.03036054770151774,0.09843324820200602,13.833333333333334,0.0233029842376709,0.1097442070643107,13.833333333333334,0.023181645075480144,0.10939560731252035,13.833333333333334,0.012668283780415852,0.10221827030181885,48.2
25,20,0.03990894158681234,0.0978777805964152,12.766666666666667,0.023981595039367677,0.11109083493550619,11.0,0.021571866671244302,0.10395061175028483,11.066666666666666,0.01873344580332438,0.10638844966888428,51.166666666666664
25,21,0.030172189076741535,0.10039494832356771,11.633333333333333,0.02305769125620524,0.10382344722747802,11.633333333333333,0.02072896162668864,0.11650884946187337,11.633333333333333,0.015630086263020832,0.10320947170257569,53.53333333333333
25,22,0.030177076657613117,0.0980541467666626,11.766666666666667,0.023140629132588703,0.1083550771077474,11.766666666666667,0.02309873104095459,0.10629023710886637,11.766666666666667,0.012850689888000488,0.10722312927246094,53.2
25,23,0.029134551684061687,0.09819433689117432,10.7,0.025344363848368325,0.10757789611816407,10.7,0.02026510238647461,0.10925875504811605,10.7,0.012806065877278646,0.10427119731903076,53.266666666666666
25,24,0.029428927103678386,0.09304203192392985,9.166666666666666,0.022594245274861653,0.11703890164693197,9.166666666666666,0.02025148073832194,0.10777754783630371,9.166666666666666,0.012990450859069825,0.10520931084950765,57.333333333333336
25,25,0.026538538932800292,0.10089302857716878,6.866666666666666,0.0200501283009847,0.10913082758585611,6.866666666666666,0.01846774419148763,0.1094505230585734,6.866666666666666,0.01144846280415853,0.10666897296905517,59.13333333333333
26,4,0.02778145472208659,0.1016474723815918,11.4,0.015350715319315592,0.11479033629099528,11.4,0.013100131352742513,0.11163270473480225,11.4,0.013410639762878419,0.11915651162465414,19.7
26,5,0.03309588432312012,0.09405547777811686,10.766666666666667,0.021400817235310874,0.10911513169606527,10.966666666666667,0.01858255863189697,0.10916399955749512,10.966666666666667,0.01476426919301351,0.11565174261728922,19.933333333333334
26,6,0.03169432481129964,0.10149156252543132,9.933333333333334,0.01703024705251058,0.11181678771972656,9.933333333333334,0.014701135953267415,0.10977961222330729,9.933333333333334,0.017120838165283203,0.10571738878885904,22.966666666666665
26,7,0.041112208366394044,0.09673895041147867,12.0,0.027441906929016113,0.10752909183502198,11.533333333333333,0.017894577980041505,0.11118512948354085,11.6,0.01673463185628255,0.10566847324371338,24.633333333333333
26,8,0.03909076849619548,0.09677427609761556,15.3,0.021297653516133625,0.11746382713317871,14.566666666666666,0.017779413859049478,0.10760891437530518,14.633333333333333,0.01594533920288086,0.10807509422302246,27.966666666666665
26,9,0.04139111836751302,0.10099750359853109,14.4,0.023055752118428547,0.10821952025095621,13.366666666666667,0.022431135177612305,0.11178955237070719,13.433333333333334,0.017503968874613442,0.11056800683339436,30.2
26,10,0.037519224484761554,0.10344084898630777,12.7,0.02055506706237793,0.11940305233001709,12.6,0.017018683751424155,0.1133617877960205,12.8,0.018773857752482095,0.11792996724446615,34.0
26,11,0.038912725448608396,0.1035702387491862,15.666666666666666,0.023533272743225097,0.10246866544087728,15.2,0.020049436887105306,0.11195598443349203,15.2,0.01558679739634196,0.10677913824717204,33.53333333333333
26,12,0.0429923931757609,0.09501270453135173,12.766666666666667,0.023744002978007,0.10738677183787028,12.666666666666666,0.022342451413472495,0.10626139640808105,12.933333333333334,0.01908611456553141,0.10656675497690836,34.8
26,13,0.045857961972554526,0.09992098808288574,12.466666666666667,0.025913516680399578,0.10723747412363688,12.766666666666667,0.021805493036905925,0.1056338628133138,13.166666666666666,0.019286171595255534,0.10550057093302409,36.333333333333336
26,14,0.041367594401041666,0.09681831995646159,11.233333333333333,0.022025561332702635,0.10649646123250325,11.7,0.018408759435017904,0.10776859919230143,11.9,0.01784560680389404,0.10904525915781657,38.666666666666664
26,15,0.03817934989929199,0.0946875015894572,15.533333333333333,0.023728458086649577,0.10745542049407959,14.533333333333333,0.020657944679260253,0.10482571125030518,14.666666666666666,0.02068915367126465,0.11435569127400716,42.7
26,16,0.040288686752319336,0.09705286820729574,13.066666666666666,0.023738304773966473,0.11165991624196371,12.666666666666666,0.020207985242207845,0.10189713637034098,13.0,0.018541804949442544,0.1114093542098999,43.666666666666664
26,17,0.040604376792907716,0.09610845247904459,11.666666666666666,0.024671498934427896,0.10354946454366049,11.133333333333333,0.023856202761332195,0.10864956378936767,11.766666666666667,0.01963503360748291,0.1107532262802124,44.06666666666667
26,18,0.03863753477732341,0.09362270832061767,10.233333333333333,0.024584174156188965,0.10744670232137045,9.566666666666666,0.018859688440958658,0.10608471234639485,10.366666666666667,0.01741336186726888,0.11345434188842773,48.56666666666667
26,19,0.030150548617045084,0.10092007319132487,11.833333333333334,0.0229140043258667,0.11019755999247233,11.833333333333334,0.02045458952585856,0.10845352013905843,11.833333333333334,0.012785951296488443,0.10436649322509765,50.2
26,20,0.03040475050608317,0.09802890618642171,12.866666666666667,0.02344664732615153,0.10857552687327067,12.866666666666667,0.020444297790527345,0.10683817863464355,12.866666666666667,0.013016398747762043,0.11139976183573405,48.666666666666664
26,21,0.03728129069010417,0.09418401718139649,12.0,0.02387690544128418,0.10222690105438233,10.9,0.02399417559305827,0.11099223295847575,11.1,0.01747146447499593,0.10756735801696778,51.4
26,22,0.030896568298339845,0.09738096396128336,13.3,0.02348802089691162,0.11007651487986246,13.3,0.023570322990417482,0.10337471961975098,13.3,0.01347347100575765,0.10904325644175211,55.733333333333334
26,23,0.030053051312764485,0.09965895811716716,11.8,0.023355642954508465,0.1107235034306844,11.8,0.020697482426961265,0.10711578528086345,11.8,0.013184285163879395,0.1044078270594279,55.4
26,24,0.030222686131795247,0.0963064193725586,10.533333333333333,0.02370014985402425,0.10984809398651123,10.533333333333333,0.024336806933085122,0.10438358783721924,10.533333333333333,0.013382021586100261,0.1053072452545166,58.0
26,25,0.029993391036987303,0.10071369012196858,9.3,0.025629758834838867,0.10327611764272054,9.3,0.020626044273376463,0.1027163585027059,9.3,0.016619006792704265,0.10484921932220459,59.666666666666664
26,26,0.026882068316141764,0.1015932321548462,6.9,0.020070719718933105,0.10526928106943766,6.9,0.018631633122762045,0.11125547885894775,6.9,0.011578822135925293,0.10803375244140626,61.6
27,3,0.028765320777893066,0.0974150021870931,7.9,0.015515367190043131,0.10994573434193929,8.366666666666667,0.011077578862508137,0.11975022951761881,8.466666666666667,0.011953139305114746,0.11217434406280517,17.6
27,5,0.04228254954020182,0.0973680337270101,9.766666666666667,0.021361899375915528,0.11158075332641601,11.266666666666667,0.015240716934204101,0.10929023424784343,11.233333333333333,0.014622084299723307,0.10846078395843506,21.266666666666666
27,6,0.03544966379801432,0.10002474784851074,11.733333333333333,0.019788289070129396,0.11477386156717936,11.933333333333334,0.017012604077657065,0.10722014109293619,11.933333333333334,0.0162992000579834,0.10979179541269939,22.633333333333333
27,7,0.06274678707122802,0.09489394823710123,12.133333333333333,0.028407057126363117,0.1117594321568807,21.6,0.022841223080952964,0.10580628712972005,22.933333333333334,0.016655532519022624,0.10498225688934326,30.2
27,8,0.03993577162424723,0.09757994810740153,14.066666666666666,0.02124149799346924,0.10884779294331869,14.066666666666666,0.01735853354136149,0.11159823735555013,14.166666666666666,0.015666635831197102,0.10585706233978272,29.133333333333333
27,9,0.053095706303914386,0.09537019729614257,13.133333333333333,0.027799391746520997,0.10435745716094971,18.266666666666666,0.022548977533976236,0.11143190860748291,18.4,0.01893892288208008,0.10758793354034424,34.233333333333334
27,10,0.04437231222788493,0.09492808183034261,15.7,0.026337711016337077,0.10696685314178467,16.233333333333334,0.01958019733428955,0.10708871682484945,16.633333333333333,0.018053038914998373,0.11105633576711019,34.233333333333334
27,11,0.05131683349609375,0.09616212050120036,12.4,0.025424853960673014,0.10731364091237386,14.466666666666667,0.02063585122426351,0.10625666777292887,14.866666666666667,0.020556545257568358,0.1063323974609375,32.53333333333333
27,12,0.03973337014516195,0.09510468641916911,15.833333333333334,0.02426775296529134,0.10426755746205647,15.266666666666667,0.020424731572469077,0.11031511624654135,15.266666666666667,0.016305160522460938,0.11183029015858968,34.96666666666667
27,13,0.04614885648091634,0.09273256460825602,12.8,0.026214965184529624,0.10626326402028402,13.933333333333334,0.022539869944254557,0.10599071184794108,14.266666666666667,0.0225434144337972,0.11262007554372151,39.5
27,14,0.036476484934488934,0.09660624663035075,14.6,0.023517266909281413,0.10589197476704916,14.6,0.020360994338989257,0.10385180314381917,14.733333333333333,0.016840847333272298,0.11716039975484212,40.5
27,15,0.029002451896667482,0.09847009181976318,12.9,0.021958295504252115,0.10624778270721436,12.9,0.01970696449279785,0.11041460037231446,12.9,0.014988938967386881,0.10692976315816244,43.93333333333333
27,16,0.038859049479166664,0.09453488985697428,12.833333333333334,0.024693425496419272,0.10691878000895182,12.333333333333334,0.02110755443572998,0.11264027754465739,12.333333333333334,0.017705082893371582,0.10702666441599527,41.43333333333333
27,17,0.04380775292714437,0.09578719933827719,15.2,0.0276508092880249,0.10644317468007405,13.866666666666667,0.02400977611541748,0.10781850814819335,14.233333333333333,0.019352157910664875,0.10217671394348145,48.03333333333333
27,18,0.03881422678629557,0.0967145045598348,14.666666666666666,0.02490684191385905,0.10662678082784018,14.1,0.024213329950968424,0.10510152180989583,14.4,0.02092286745707194,0.10485606988271078,47.13333333333333
27,19,0.039529156684875486,0.09774454434712727,10.8,0.02497711181640625,0.10589071909586588,9.933333333333334,0.01925519307454427,0.10921548207600912,10.4,0.018189748128255207,0.10594186782836915,50.46666666666667
27,20,0.03138132890065511,0.10147159894307455,13.533333333333333,0.02468880812327067,0.11048545042673746,13.533333333333333,0.021759994824727378,0.11315566698710124,13.533333333333333,0.016159454981486004,0.10688557624816894,51.333333333333336
27,21,0.03915202617645264,0.09547078609466553,13.333333333333334,0.02527118523915609,0.10830814043680827,11.966666666666667,0.02475888729095459,0.102029816309611,12.166666666666666,0.02232988675435384,0.11414617697397868,54.233333333333334
27,22,0.030836168924967447,0.09597591559092204,12.3,0.023459370930989584,0.12063331604003906,12.3,0.02098224957784017,0.10208461284637452,12.3,0.013307778040568034,0.09988368352254232,55.733333333333334
27,23,0.03874672253926595,0.09411671161651611,10.2,0.021836463610331217,0.11291324297587077,8.733333333333333,0.01941037972768148,0.10969185034434001,9.2,0.01983911991119385,0.09910259246826172,55.43333333333333
27,24,0.029958740870157877,0.09476842880249023,11.233333333333333,0.02398520310719808,0.10575875441233316,11.233333333333333,0.02357943058013916,0.10984354813893636,11.233333333333333,0.013170854250590006,0.10571591059366862,57.86666666666667
27,25,0.029209319750467935,0.10117955207824707,9.6,0.023042774200439452,0.10960123538970948,9.6,0.0205183744430542,0.10750745932261149,9.6,0.013384262720743815,0.10579439004262288,57.666666666666664
27,26,0.029727458953857422,0.09722150166829427,9.0,0.023291516304016113,0.10522021452585856,9.0,0.02404950459798177,0.10736044247945149,9.0,0.013227160771687825,0.10402153333028158,64.26666666666667
27,27,0.026825634638468425,0.1007021983464559,6.7,0.020852160453796387,0.1070317268371582,6.7,0.021284604072570802,0.10381251176198324,6.7,0.011713822682698568,0.10944547653198242,60.46666666666667
28,4,0.03700763384501139,0.1006525198618571,9.433333333333334,0.017701419194539388,0.10748250484466552,9.766666666666667,0.015139563878377279,0.10694442590077718,9.766666666666667,0.01964407761891683,0.11225616931915283,21.066666666666666
28,5,0.04063221613566081,0.0959877093633016,11.2,0.02208987871805827,0.10605169932047526,13.366666666666667,0.0191130797068278,0.11031957467397054,13.433333333333334,0.014940484364827474,0.11370416482289632,23.4
28,6,0.0356514056523641,0.09924461841583251,13.7,0.020641239484151204,0.11063288052876791,13.9,0.01711381276448568,0.10900340080261231,13.9,0.018533841768900553,0.1061974048614502,24.0
28,7,0.05908091068267822,0.09165658156077067,14.366666666666667,0.025942484537760418,0.10825592676798503,17.9,0.02055854002634684,0.11401505470275879,18.366666666666667,0.01703928311665853,0.1153509775797526,28.166666666666668
28,8,0.061308916409810385,0.0989514668782552,13.566666666666666,0.027312318483988445,0.10655927658081055,18.866666666666667,0.021746134757995604,0.10685229301452637,18.8,0.019617875417073567,0.10970470905303956,29.633333333333333
28,9,0.042829243342081706,0.0992451270421346,12.666666666666666,0.02367138067881266,0.10395446618398031,13.166666666666666,0.022485788663228354,0.10408697128295899,13.6,0.01857900619506836,0.11541433334350586,33.266666666666666
28,10,0.034890397389729814,0.10019496281941732,16.1,0.021045351028442384,0.10603613058725993,16.1,0.017572490374247234,0.11010761260986328,16.1,0.014087279637654623,0.10985164642333985,31.833333333333332
28,11,0.03614171346028646,0.09975937207539877,14.066666666666666,0.019459613164265952,0.10740601221720378,14.066666666666666,0.016172019640604655,0.11397966543833414,14.2,0.014865295092264811,0.10799652735392253,36.4
28,12,0.047155205408732095,0.09996813933054606,16.0,0.025625975926717122,0.10727889537811279,16.666666666666668,0.020728143056233723,0.1085064967473348,17.133333333333333,0.018373918533325196,0.10861466725667318,36.9
28,13,0.04013310273488362,0.09736809730529786,15.4,0.023483769098917643,0.10680984656016032,15.4,0.019773046175638836,0.10905191898345948,15.5,0.01810173988342285,0.10857703685760497,38.6
28,14,0.04526568253835042,0.09779953161875407,14.566666666666666,0.02520616849263509,0.10316135883331298,14.5,0.021042243639628092,0.10996023019154867,14.866666666666667,0.01922922134399414,0.10881519317626953,41.7
28,15,0.03969115416208903,0.10145071347554525,15.6,0.024143083890279134,0.10338074366251628,14.833333333333334,0.02127687136332194,0.10372959772745768,14.833333333333334,0.017870982487996418,0.11353420416514079,41.1
28,16,0.02920535405476888,0.10143175919850668,11.933333333333334,0.02236673831939697,0.10819061597188313,11.933333333333334,0.022455875078837076,0.11376621723175048,11.933333333333334,0.015348482131958007,0.10405948956807455,46.8
28,17,0.03013310432434082,0.09753841559092204,13.033333333333333,0.025888649622599284,0.11634275913238526,13.033333333333333,0.01980470816294352,0.10373991330464681,13.033333333333333,0.012632942199707032,0.10340988636016846,47.266666666666666
28,18,0.03187848726908366,0.09697967370351156,13.1,0.022882628440856933,0.10152959028879802,13.1,0.020246100425720216,0.11289404233296713,13.1,0.012776954968770345,0.11001205444335938,47.333333333333336
28,19,0.03898382981618245,0.10161988735198975,15.066666666666666,0.024321532249450682,0.10221587816874186,14.033333333333333,0.02102706432342529,0.10376242796579997,14.266666666666667,0.019963773091634114,0.1072705109914144,49.5
28,20,0.038277379671732586,0.09621344407399496,14.9,0.024640742937723795,0.1058175007502238,13.933333333333334,0.021828333536783855,0.10695706208546957,14.266666666666667,0.018873699506123862,0.10930480162302653,54.2
28,21,0.03962547779083252,0.09518231550852457,14.433333333333334,0.02483669916788737,0.10270427068074545,13.3,0.027026049296061196,0.1039904514948527,13.666666666666666,0.01800217628479004,0.11121630668640137,54.06666666666667
28,22,0.029614806175231934,0.09680738449096679,12.7,0.022836971282958984,0.10912497838338216,12.7,0.02037498156229655,0.10404085318247477,12.7,0.015795421600341798,0.10774087111155192,54.13333333333333
28,23,0.038669951756795246,0.10072167714436848,12.066666666666666,0.024413800239562987,0.10710547765096029,10.266666666666667,0.021663276354471843,0.10594078699747721,10.7,0.021780165036519368,0.10455188751220704,58.03333333333333
28,24,0.029916214942932128,0.09676189422607422,12.066666666666666,0.023160537083943684,0.1031799554824829,12.066666666666666,0.02081280549367269,0.1085081418355306,12.066666666666666,0.013164734840393067,0.11039160092671713,58.0
28,25,0.0302202304204305,0.09383100668589274,11.133333333333333,0.023678127924601236,0.10180339813232422,11.133333333333333,0.023964611689249675,0.10978353023529053,11.133333333333333,0.013174144426981609,0.11207812627156576,62.733333333333334
28,26,0.02929232915242513,0.09910580317179361,10.2,0.023119664192199706,0.10108116467793783,10.2,0.020863684018452962,0.11336543560028076,10.2,0.013043912251790364,0.10504535039265951,60.8
28,27,0.02908171017964681,0.10049219926198323,8.833333333333334,0.022780752182006835,0.10599842866261801,8.833333333333334,0.020163639386494955,0.11077821254730225,8.833333333333334,0.013116963704427083,0.10418230692545573,63.0
28,28,0.02644370396931966,0.09896570046742757,6.6,0.020153101285298666,0.10652720133463542,6.6,0.018695934613545736,0.11070191065470378,6.6,0.014315144220987955,0.10699385007222494,68.53333333333333
29,4,0.03434832890828451,0.10308489799499512,10.966666666666667,0.015501157442728678,0.10981852213541667,10.133333333333333,0.013186820348103841,0.10861530303955078,10.133333333333333,0.014331181844075521,0.11027540365854899,20.1
29,5,0.04075085322062175,0.10105159282684326,10.4,0.019219191869099934,0.11906806627909343,11.2,0.01658166249593099,0.1152357816696167,11.4,0.014705856641133627,0.1139080286026001,22.566666666666666
29,6,0.034534883499145505,0.1032389243443807,13.633333333333333,0.01902780532836914,0.1142146110534668,13.9,0.01594700813293457,0.10747650464375814,13.9,0.01528025468190511,0.11389156977335611,25.433333333333334
29,7,0.036216052373250325,0.09850226243336996,15.266666666666667,0.023410407702128093,0.10376183191935222,14.866666666666667,0.01444699764251709,0.10884329477945963,14.9,0.015097959836324056,0.11653745174407959,28.7
29,8,0.04324873288472494,0.10126267274220785,14.8,0.026430130004882812,0.10537644227345784,15.966666666666667,0.021457465489705403,0.10789084434509277,16.266666666666666,0.01739528973897298,0.10904041926066081,31.0
29,9,0.058326252301534015,0.1015825112660726,12.333333333333334,0.02702805995941162,0.10468416213989258,18.9,0.021849656105041505,0.11485657691955567,19.0,0.01666835943857829,0.10952685674031576,31.166666666666668
29,10,0.04711628754933675,0.09481961727142334,13.8,0.023665316899617515,0.10698548158009848,13.933333333333334,0.02006977399190267,0.11082263787587483,14.1,0.017467125256856283,0.10772188504536946,31.966666666666665
29,11,0.04485114415486654,0.09724343617757161,16.4,0.023922061920166014,0.10552696386973064,16.833333333333332,0.018872714042663573,0.10168775717417398,17.066666666666666,0.020259753863016764,0.11707301139831543,36.9
29,12,0.043837658564249676,0.09618554910024008,15.166666666666666,0.023632009824117024,0.1101151466369629,15.733333333333333,0.019581190745035806,0.10679837067921956,16.033333333333335,0.01776764392852783,0.1092875083287557,37.96666666666667
29,13,0.05528961022694905,0.09305554231007894,13.3,0.028012426694234212,0.10299871762593588,18.3,0.025262077649434406,0.11150116920471191,18.933333333333334,0.017975378036499023,0.1071058988571167,40.333333333333336
29,14,0.04047056039174398,0.09898831844329833,16.166666666666668,0.023829038937886557,0.1062179406483968,15.866666666666667,0.02013719081878662,0.10902814070383708,16.066666666666666,0.01886892318725586,0.11032589276631673,42.766666666666666
29,15,0.02687057654062907,0.09948740005493165,11.266666666666667,0.02009114424387614,0.1045788844426473,11.266666666666667,0.017517868677775064,0.11342609723409017,11.266666666666667,0.010674285888671874,0.10925616423288981,44.733333333333334
29,16,0.03764477570851644,0.09865888754526773,15.466666666666667,0.0240002711613973,0.105381441116333,14.933333333333334,0.02081420421600342,0.10591111183166504,15.066666666666666,0.017324090003967285,0.10873970985412598,47.13333333333333
29,17,0.040382973353068036,0.0971195379892985,15.066666666666666,0.0246273676554362,0.1050934632619222,14.233333333333333,0.02152582009633382,0.11134918530782063,14.233333333333333,0.01749861240386963,0.10858067671457926,47.0
29,18,0.03793356418609619,0.09349783261617024,15.8,0.024486263593037922,0.10817781289418539,15.3,0.02130107084910075,0.10720322132110596,15.566666666666666,0.019746828079223632,0.11192332108815511,48.0
29,19,0.037068780263264975,0.09659185409545898,11.933333333333334,0.02419454256693522,0.10545771916707357,10.5,0.018865029017130535,0.10262434482574463,10.5,0.014919312795003255,0.11497266292572021,48.333333333333336
29,20,0.029677605628967284,0.09764761130015055,13.933333333333334,0.023281391461690268,0.10540453592936198,13.933333333333334,0.020666956901550293,0.10777934392293294,13.933333333333334,0.012987605730692546,0.11312132676442464,54.93333333333333
29,21,0.029979538917541505,0.10479774475097656,13.533333333333333,0.026146411895751953,0.10355463822682699,13.533333333333333,0.02030938466389974,0.10310604572296142,13.533333333333333,0.01296842892964681,0.10769751866658529,54.733333333333334
29,22,0.038822054862976074,0.0989695946375529,13.566666666666666,0.0244218111038208,0.11124778588612874,12.766666666666667,0.021246846516927084,0.10836407343546549,13.133333333333333,0.018370509147644043,0.10054786205291748,55.9
29,23,0.02963290214538574,0.09318979581197102,13.133333333333333,0.025814580917358398,0.10845557848612468,13.133333333333333,0.020637973149617513,0.10936091740926107,13.133333333333333,0.012651522954305014,0.10242849985758463,57.266666666666666
29,24,0.029895194371541343,0.09860353469848633,12.4,0.02297516663869222,0.10393510659535726,12.4,0.02341799736022949,0.10682996114095052,12.4,0.012997277577718099,0.1104141632715861,55.733333333333334
29,25,0.03001703421274821,0.09837228457132975,12.266666666666667,0.023604289690653483,0.11007617314656576,12.266666666666667,0.020940772692362466,0.10514927705128987,12.266666666666667,0.01605389912923177,0.10636980533599853,61.4
29,26,0.029712772369384764,0.09545958836873372,11.566666666666666,0.023516496022542317,0.10309472878774008,11.566666666666666,0.021111281712849934,0.10913065274556479,11.566666666666666,0.013460866610209147,0.10811200936635336,65.6
29,27,0.029934302965799967,0.09308315912882487,10.566666666666666,0.02339303493499756,0.11204315821329752,10.566666666666666,0.02098879814147949,0.11066935857137045,10.566666666666666,0.013348992665608723,0.10725095272064208,64.46666666666667
29,28,0.029475839932759602,0.09677087465922038,8.6,0.02606348991394043,0.10632593631744384,8.6,0.02058870792388916,0.10522404511769613,8.6,0.013338955243428548,0.10879082679748535,65.6
29,29,0.02673672835032145,0.10008451143900553,6.533333333333333,0.020526989301045736,0.10333793163299561,6.533333333333333,0.018805948893229167,0.10804489453633627,6.533333333333333,0.011719624201456705,0.11218725840250651,69.0
30,5,0.03463914394378662,0.0985552469889323,11.166666666666666,0.01821721394856771,0.1106186866760254,11.766666666666667,0.01527701218922933,0.1075231949488322,11.866666666666667,0.01518575350443522,0.11245090961456299,21.9
30,6,0.03955083688100179,0.09977600574493409,11.1,0.01953576405843099,0.10991771221160888,11.933333333333334,0.016541592280069985,0.10899314880371094,11.766666666666667,0.01478094259897868,0.1134156068166097,25.4
30,7,0.03589228789011637,0.09839974244435629,14.766666666666667,0.022678319613138834,0.10933731396993002,14.966666666666667,0.0164365291595459,0.10657045841217042,14.966666666666667,0.015399463971455892,0.11118138631184896,26.833333333333332
30,8,0.05653932094573975,0.09929091135660807,12.933333333333334,0.030704824129740398,0.10936412811279297,18.833333333333332,0.022042679786682128,0.10943524837493897,19.366666666666667,0.02113205591837565,0.11976492404937744,31.466666666666665
30,9,0.055466810862223305,0.10401119391123453,17.866666666666667,0.024447369575500488,0.11117399533589681,20.733333333333334,0.018756906191507976,0.11439605553944905,21.333333333333332,0.01632547378540039,0.10958334604899088,35.0
30,10,0.03887085119883219,0.09307966232299805,13.533333333333333,0.02141602834065755,0.10571568806966146,13.366666666666667,0.018001516660054524,0.11037337779998779,13.366666666666667,0.018962780634562176,0.11549925009409587,32.666666666666664
30,11,0.042303816477457686,0.09613897005716959,18.366666666666667,0.02643570105234782,0.10622022151947022,17.4,0.01936385631561279,0.1067304531733195,17.5,0.017473753293355307,0.11530717213948567,33.8
30,12,0.036176419258117674,0.10248061021169026,14.8,0.022394990921020506,0.10561405022939047,14.5,0.01926289399464925,0.10988534291585286,14.5,0.01485437552134196,0.10911945501963298,38.03333333333333
30,13,0.03801287015279134,0.09588917891184488,17.866666666666667,0.02459739844004313,0.1090989351272583,17.866666666666667,0.026068520545959473,0.10440749327341715,17.866666666666667,0.016459846496582033,0.10998222827911378,40.1
30,14,0.0440245787302653,0.1092328945795695,14.7,0.026088698705037435,0.10940344333648681,14.333333333333334,0.022052685419718426,0.1151543140411377,14.433333333333334,0.01968674659729004,0.11783234278361003,38.36666666666667
30,15,0.04107519785563151,0.09719502131144206,16.333333333333332,0.029824137687683105,0.10749582449595134,14.866666666666667,0.020815602938334146,0.10412679513295492,14.866666666666667,0.01929790178934733,0.10794421831766764,40.2
30,16,0.04134189287821452,0.09760592778523763,12.966666666666667,0.021874117851257324,0.1089351495107015,11.466666666666667,0.018775733311971028,0.1097527027130127,11.666666666666666,0.017203990618387857,0.109079376856486,43.6
30,17,0.04939274787902832,0.09861942927042643,14.533333333333333,0.02674678961435954,0.10139725208282471,14.9,0.025505661964416504,0.11412851810455323,15.433333333333334,0.020080693562825522,0.10125234127044677,47.36666666666667
30,18,0.038488300641377766,0.09976598421732584,16.1,0.024413371086120607,0.10489997069040934,15.233333333333333,0.02123720645904541,0.1089412291844686,15.433333333333334,0.01676609516143799,0.1059740702311198,50.13333333333333
30,19,0.044437249501546226,0.09883296489715576,15.9,0.025356006622314454,0.10689131418863933,14.233333333333333,0.021724677085876463,0.1043800433476766,14.6,0.0239546537399292,0.10806384881337484,51.13333333333333
30,20,0.0294160525004069,0.09369682470957438,13.666666666666666,0.025964824358622234,0.10373240311940511,13.666666666666666,0.02352603276570638,0.10523512363433837,13.666666666666666,0.012868706385294597,0.1138458013534546,53.333333333333336
30,21,0.04121849536895752,0.09878401756286621,13.233333333333333,0.024719548225402833,0.10517424742380778,12.566666666666666,0.021791966756184895,0.10533478260040283,12.8,0.019998947779337566,0.10882917245229086,54.4
30,22,0.030937655766805013,0.09710524082183838,13.966666666666667,0.02630735238393148,0.11688307126363119,13.966666666666667,0.020674498875935872,0.10154759089152018,13.966666666666667,0.013109715779622395,0.10260044733683268,56.0
30,23,0.03911443551381429,0.10062971115112304,14.666666666666666,0.025091807047526043,0.1038830598195394,13.4,0.021667790412902833,0.10565832455952963,13.866666666666667,0.020865527788798015,0.10683759848276773,59.233333333333334
30,24,0.03023829460144043,0.10278012752532958,13.1,0.02381451924641927,0.10201975504557291,13.1,0.021607494354248045,0.11001947720845541,13.1,0.013415797551472982,0.10963530540466308,59.06666666666667
30,25,0.029641230901082356,0.09748453299204508,11.7,0.023607985178629557,0.10318177541097005,11.7,0.024081929524739584,0.1054096778233846,11.7,0.013381187121073406,0.11236872673034667,63.13333333333333
30,26,0.037924591700236,0.09631055990854899,11.466666666666667,0.022096800804138183,0.10949536164601643,8.733333333333333,0.01975239912668864,0.11050715446472167,9.066666666666666,0.017579166094462077,0.10171378453572591,65.1
30,27,0.02998202641805013,0.09768372376759847,10.833333333333334,0.026450228691101075,0.11493786176045735,10.833333333333334,0.02052002747853597,0.1013006607691447,10.833333333333334,0.013498942057291666,0.10250595410664877,66.86666666666666
30,28,0.03012389341990153,0.10535566806793213,11.0,0.02336602210998535,0.10596311887105306,11.0,0.023518061637878417,0.1049551804860433,11.0,0.013964041074117025,0.10215885639190674,68.53333333333333
30,29,0.029169273376464844,0.09724841912587484,9.166666666666666,0.025613919893900553,0.10517930189768473,9.166666666666666,0.020875732103983562,0.10357081890106201,9.166666666666666,0.01342306931813558,0.11153434912363688,68.06666666666666
30,30,0.02717312177022298,0.10008138020833333,7.4,0.02062336603800456,0.10669839382171631,7.4,0.019161383310953777,0.10603471597035725,7.4,0.011900719006856282,0.10790704886118571,71.86666666666666
