cost,depth,tqc3TT,tqc3RT,tqc3Counts,tqc3Depth,tqc3Qubits,tqc2TT,tqc2RT,tqc2Counts,tqc2Depth,tqc2Qubits,tqc1TT,tqc1RT,tqc1Counts,tqc1Depth,tqc1Qubits,tqc0TT,tqc0RT,tqc0Counts,tqc0Depth,tqc0Qubits,sim
7,2,61.266647815704346,0.07745814323425293,"{'0100101': 11, '0000101': 903, '0010101': 9, '0100100': 1, '0001101': 16, '0101101': 1, '0000100': 44, '0000001': 23, '1000101': 3, '1000100': 2, '0000111': 9, '0000000': 1, '0000110': 1}",2,"{3: 2, 0: 1, 1: 1, 2: 1, 4: 1, 5: 1}",0.01752305030822754,0.0844576358795166,"{'0100101': 15, '0000101': 894, '0001101': 4, '0010101': 5, '0000100': 50, '1000111': 1, '0000001': 22, '0000011': 1, '1000101': 9, '1000001': 1, '0000111': 16, '0000110': 1, '0010111': 1, '0000000': 3, '0001001': 1}",2,"{3: 2, 0: 1, 1: 1, 2: 1, 4: 1, 5: 1}",0.014713764190673828,0.08294486999511719,"{'0100101': 13, '0000101': 832, '0000111': 24, '0001101': 6, '0000100': 44, '0000011': 2, '1000101': 18, '1000111': 1, '0000001': 67, '0000000': 2, '1000100': 2, '0010101': 4, '0010111': 3, '0100001': 1, '0001100': 1, '0000110': 2, '1001101': 1, '0001001': 1}",2,"{2: 2, 0: 1, 3: 1, 4: 1, 5: 1, 6: 1}",0.011705160140991211,0.08742165565490723,"{'0100101': 11, '0000101': 866, '0001001': 1, '0000001': 62, '0000111': 20, '0001101': 8, '0000100': 31, '1000101': 14, '0000000': 5, '0010001': 1, '0100001': 1, '0001100': 1, '0010101': 1, '0001111': 1, '0100000': 1}",6,"{0: 6, 2: 5, 3: 1, 4: 1, 5: 1, 6: 1}",{'0000101': 1024}
7,3,0.016572237014770508,0.07246756553649902,"{'0010000': 28, '0011000': 906, '0111000': 4, '0011001': 4, '0001000': 44, '0010100': 1, '1011000': 14, '0010010': 1, '0011100': 11, '0011010': 7, '1001000': 1, '0001100': 1, '0000000': 1, '0001001': 1}",2,"{6: 2, 1: 1, 3: 1, 4: 1}",0.015964746475219727,0.08423519134521484,"{'0011010': 14, '0011001': 11, '0001000': 44, '0010000': 36, '0011000': 879, '1010000': 2, '0111000': 8, '0011100': 11, '0010001': 1, '1011000': 14, '0101000': 1, '0000000': 3}",2,"{6: 2, 1: 1, 3: 1, 4: 1}",0.014299869537353516,0.0841836929321289,"{'0001010': 1, '0010000': 34, '0011000': 883, '0011100': 13, '0011010': 15, '0001000': 26, '1011010': 2, '0111000': 13, '0011001': 14, '1011000': 17, '0000000': 2, '0010010': 1, '1011100': 1, '1010000': 1, '1011001': 1}",2,"{4: 2, 3: 1, 5: 1, 6: 1}",0.012355327606201172,0.09027361869812012,"{'0010000': 30, '0011000': 890, '0011001': 8, '0011010': 15, '0001000': 33, '0011100': 13, '0111000': 16, '0010100': 1, '1011000': 11, '0001001': 1, '0001010': 2, '0111010': 1, '0001100': 1, '0111001': 1, '1111000': 1}",7,"{0: 7, 4: 5, 3: 1, 5: 1, 6: 1}",{'0011000': 1024}
7,4,0.010422945022583008,0.06851601600646973,"{'0011000': 10, '0010000': 913, '0010100': 14, '1010000': 17, '0010010': 18, '0000000': 33, '0010001': 10, '0110000': 6, '0000001': 1, '0010101': 1, '0000010': 1}",1,"{3: 1, 4: 1, 6: 1}",0.012247323989868164,0.08884668350219727,"{'0011000': 14, '0010000': 904, '0110000': 15, '0010001': 14, '0000000': 32, '0010100': 10, '1010000': 13, '0010010': 17, '0000010': 2, '0110001': 2, '0011010': 1}",1,"{3: 1, 4: 1, 6: 1}",0.011232137680053711,0.08748722076416016,"{'0000000': 26, '0010001': 14, '0011000': 16, '0010000': 898, '1011000': 1, '0010100': 12, '1010000': 17, '0010010': 16, '0110000': 17, '0110001': 1, '0011100': 1, '0000010': 1, '0110100': 1, '0100000': 1, '1110000': 1, '0001000': 1}",1,"{4: 1, 5: 1, 6: 1}",0.008234024047851562,0.10058832168579102,"{'1011000': 1, '0010100': 13, '1010000': 16, '0011000': 11, '0010000': 906, '0010001': 14, '0000000': 38, '0010010': 16, '0110000': 8, '0110001': 1}",4,"{0: 4, 4: 1, 5: 1, 6: 1}",{'0010000': 1024}
7,5,0.013274431228637695,0.0651695728302002,"{'0100001': 16, '0001001': 15, '0000001': 914, '1000001': 13, '0010001': 7, '0000000': 39, '0000101': 7, '1000101': 1, '0000011': 11, '0000010': 1}",1,"{0: 1, 1: 1, 3: 1}",0.1637880802154541,0.06508684158325195,"{'0001001': 13, '0101001': 2, '0000001': 899, '0000000': 43, '0000011': 17, '1000001': 11, '0000010': 3, '0000101': 13, '0100101': 2, '0100001': 15, '0010001': 5, '0000100': 1}",1,"{1: 1, 2: 1, 3: 1}",0.010162591934204102,0.0839691162109375,"{'0010000': 2, '0100001': 19, '0000001': 915, '0100000': 2, '0000000': 27, '0000101': 12, '0000111': 1, '1000001': 11, '0000011': 15, '0010001': 4, '0001001': 15, '1001001': 1}",1,"{0: 1, 5: 1, 6: 1}",0.006994485855102539,0.09100747108459473,"{'0001001': 8, '0100001': 15, '0000001': 905, '1000001': 14, '0010001': 9, '0000000': 39, '0000101': 10, '0000011': 18, '0100111': 1, '0000010': 1, '1000000': 1, '0100011': 1, '0010011': 1, '1100001': 1}",5,"{0: 5, 5: 1, 6: 1}",{'0000001': 1024}
7,6,0.011061429977416992,0.0637969970703125,"{'0100000': 10, '0001000': 19, '0000000': 933, '0000010': 9, '0000001': 11, '0010000': 17, '1000000': 9, '0000100': 13, '0100100': 1, '0101000': 1, '1101000': 1}",1,{3: 1},0.013273477554321289,0.07960844039916992,"{'0100000': 3, '0001000': 11, '0000000': 932, '0010000': 21, '0000001': 15, '0000100': 14, '1000000': 13, '0000010': 15}",1,{3: 1},0.011097908020019531,0.08808016777038574,"{'0001000': 18, '0100000': 15, '0000000': 927, '0000001': 14, '0000100': 9, '0100100': 1, '1000000': 14, '0000010': 15, '0010000': 8, '1100000': 1, '0010110': 1, '0100001': 1}",1,{6: 1},0.010709047317504883,0.09557175636291504,"{'0001000': 18, '0100000': 10, '0000000': 937, '0000001': 8, '0000010': 16, '1000010': 1, '0000100': 13, '1001000': 1, '1000000': 15, '0000101': 1, '0100100': 1, '0010000': 3}",14,"{0: 14, 6: 1}",{'0000000': 1024}
8,2,0.02848362922668457,0.08195352554321289,"{'1000000': 480, '1001001': 9, '1000001': 442, '1100001': 3, '0000001': 17, '1000101': 3, '1010001': 7, '0000000': 17, '1001000': 9, '1000100': 11, '1010100': 1, '1000010': 7, '1010010': 1, '1000011': 4, '0000101': 1, '1100000': 4, '1010000': 5, '1100010': 1, '1101001': 1, '0001000': 1}",3,"{1: 3, 4: 2, 0: 1, 2: 1, 3: 1, 5: 1}",0.01972651481628418,0.11372637748718262,"{'1000000': 450, '1001001': 7, '1000001': 469, '1010000': 2, '1100001': 7, '1000110': 1, '0000000': 22, '1000111': 1, '0000001': 16, '1000100': 6, '1100000': 8, '1000011': 6, '1000010': 6, '1001000': 9, '1000101': 7, '1010001': 2, '1001101': 1, '0010000': 1, '1101001': 1, '0001001': 1, '0101000': 1}",3,"{5: 3, 0: 2, 1: 1, 3: 1, 4: 1, 6: 1}",0.02138042449951172,0.09254837036132812,"{'1100000': 10, '1000001': 435, '1100001': 5, '1010000': 3, '1000000': 485, '1000101': 6, '1000100': 10, '0000001': 12, '1001001': 8, '0000000': 19, '1000011': 11, '1000010': 13, '1110001': 1, '1001000': 4, '1010001': 2}",3,"{0: 3, 6: 2, 2: 1, 3: 1, 4: 1, 5: 1}",0.01437234878540039,0.08507442474365234,"{'1001001': 8, '1000001': 428, '1000000': 476, '0100001': 1, '1000111': 1, '0000001': 29, '0000000': 20, '1000011': 6, '0000011': 1, '1000101': 5, '1110001': 1, '1000010': 13, '1010000': 5, '1000100': 9, '1100000': 6, '1001000': 6, '1101001': 1, '1100001': 6, '1010001': 1, '0001001': 1}",5,"{6: 5, 0: 4, 2: 1, 3: 1, 4: 1, 5: 1}","{'1000001': 496, '1000000': 528}"
8,3,0.01971721649169922,0.06816315650939941,"{'1100001': 441, '1110001': 420, '1010001': 19, '1110000': 25, '1110101': 2, '0111001': 2, '0110001': 10, '1000000': 2, '0100000': 1, '1110011': 12, '1110010': 2, '0100001': 25, '0110000': 2, '1000001': 16, '1100000': 12, '1111001': 8, '1100011': 7, '0100101': 1, '1101001': 9, '1100101': 3, '1011001': 1, '1100111': 1, '1010000': 1, '0110011': 1, '0000011': 1}",3,"{2: 3, 0: 2, 1: 2, 5: 2, 3: 1}",0.018751144409179688,0.08718514442443848,"{'1110001': 405, '1101001': 5, '1100001': 443, '1100000': 23, '1010001': 33, '1000001': 34, '1100011': 7, '0100000': 2, '1110011': 5, '0100001': 14, '1000000': 1, '0110001': 21, '0010001': 3, '0100011': 1, '1110000': 13, '1100101': 2, '1010011': 1, '0000001': 1, '1010000': 3, '1101000': 2, '1111001': 3, '1000011': 1, '1010101': 1}",3,"{0: 3, 1: 2, 2: 2, 5: 2, 3: 1}",0.019760847091674805,0.09379744529724121,"{'1100001': 443, '1110001': 434, '1100011': 11, '1000001': 22, '0110001': 18, '1110000': 17, '1010001': 18, '0100001': 15, '1110010': 1, '1111001': 2, '1100100': 1, '1100000': 17, '1110011': 8, '1110101': 6, '1101001': 5, '1000011': 1, '1100101': 1, '0000001': 1, '1111011': 1, '1001001': 1, '1111000': 1}",3,"{4: 3, 0: 2, 5: 2, 6: 2, 3: 1}",0.010779142379760742,0.0961146354675293,"{'1110001': 399, '1101001': 8, '1100001': 460, '1110010': 1, '0100001': 15, '1110101': 6, '1100000': 15, '0100011': 1, '1110000': 16, '1100011': 11, '1010011': 1, '1000001': 24, '1010001': 23, '1010111': 1, '1000000': 1, '0110001': 19, '1100101': 4, '1111001': 7, '0000101': 1, '1011001': 1, '0100000': 1, '1110011': 6, '0101001': 1, '1010000': 1, '0110011': 1}",15,"{0: 15, 5: 5, 6: 5, 4: 3, 3: 1}","{'1110001': 513, '1100001': 511}"
8,4,0.012457847595214844,0.06461548805236816,"{'0011001': 4, '0000000': 36, '0010001': 460, '0010000': 25, '0000001': 452, '0000101': 6, '0010011': 10, '0110001': 5, '0100001': 6, '0000011': 6, '1000001': 5, '0001001': 3, '1010001': 4, '0000100': 1, '0110011': 1}",3,"{3: 3, 1: 2, 0: 1, 2: 1}",0.014294862747192383,0.08807754516601562,"{'0001001': 9, '0010000': 12, '0000001': 457, '0011001': 6, '0000000': 20, '0010001': 464, '0000011': 10, '0010101': 7, '0100001': 7, '0010011': 13, '1000000': 1, '0110001': 6, '1000001': 5, '0000111': 1, '0000010': 1, '0000101': 3, '1010001': 2}",3,"{3: 3, 5: 2, 4: 1, 6: 1}",0.014264106750488281,0.09505867958068848,"{'1000001': 9, '0000000': 20, '0010001': 451, '0010000': 13, '0001001': 5, '0000001': 478, '0010011': 9, '1010000': 1, '0000011': 7, '0100001': 8, '0110001': 5, '0011001': 4, '0010101': 2, '1010001': 5, '0000101': 3, '1010011': 1, '0010111': 1, '0010100': 1, '0000010': 1}",3,"{4: 3, 0: 2, 5: 1, 6: 1}",0.012498617172241211,0.08667540550231934,"{'0010001': 470, '0100001': 9, '0010000': 19, '0000001': 454, '0001101': 1, '0000011': 10, '0010011': 8, '0110001': 4, '0000000': 13, '0011001': 6, '0001001': 7, '1000001': 6, '1010001': 7, '0000101': 6, '0010101': 3, '0101001': 1}",4,"{0: 4, 4: 3, 5: 1, 6: 1}","{'0010001': 469, '0000001': 555}"
8,5,0.01426243782043457,0.07624626159667969,"{'1101001': 8, '1100001': 445, '1100101': 8, '0000001': 21, '0100001': 441, '1100000': 21, '0100000': 19, '1000001': 21, '0100011': 7, '1100011': 3, '1110001': 5, '1000000': 1, '0110001': 9, '0101001': 8, '0101011': 1, '0100101': 4, '1100010': 1, '1101000': 1}",3,"{4: 3, 5: 2, 3: 1}",0.014204025268554688,0.0913534164428711,"{'0000001': 14, '0100001': 467, '0100101': 8, '1101001': 10, '1100001': 446, '1100000': 22, '1000001': 10, '0100000': 18, '1100101': 5, '0100011': 7, '0101001': 7, '0101011': 1, '1101000': 1, '1100011': 6, '1100010': 1, '1110001': 1}",3,"{0: 3, 1: 2, 3: 1}",0.018085002899169922,0.09350156784057617,"{'1100101': 11, '0100001': 465, '1100001': 437, '0100010': 1, '1110001': 3, '0100000': 18, '1100000': 17, '1100011': 7, '1000001': 22, '0000001': 8, '0100101': 10, '0001001': 1, '0101001': 9, '0100011': 8, '0101000': 1, '1000101': 1, '0110001': 4, '1100010': 1}",3,"{6: 3, 0: 2, 5: 1}",0.010883092880249023,0.10086584091186523,"{'0000001': 18, '0100001': 455, '0100101': 10, '1100001': 424, '0100000': 21, '1000001': 20, '1100011': 5, '1110001': 4, '1101001': 7, '0100011': 10, '1100000': 22, '0101001': 11, '1100101': 4, '1000011': 1, '0000101': 1, '1000000': 1, '0110001': 5, '0000000': 2, '1001001': 1, '1100100': 1, '0100111': 1}",9,"{0: 9, 6: 3, 5: 1}","{'1100001': 495, '0100001': 529}"
8,6,0.014484405517578125,0.06078958511352539,"{'0001000': 6, '0000000': 510, '0010000': 6, '0100001': 5, '0000001': 444, '1000001': 6, '0000101': 10, '0000011': 6, '0000010': 7, '0100000': 5, '0000100': 7, '1000000': 7, '0001001': 2, '0010001': 3}",3,"{1: 3, 3: 1}",0.01529383659362793,0.18753433227539062,"{'0100001': 8, '0000001': 457, '0001000': 9, '0100000': 5, '0000000': 478, '0000010': 15, '1000001': 7, '1000101': 1, '0000011': 7, '0010000': 10, '0010001': 6, '1000000': 6, '0000100': 4, '0001001': 10, '0000101': 1}",3,"{5: 3, 3: 1}",0.009046554565429688,0.08619475364685059,"{'0000001': 447, '0000101': 5, '0100000': 4, '0000000': 506, '1000001': 9, '0110001': 1, '1000000': 6, '0000010': 9, '0000011': 12, '1000010': 1, '0000100': 5, '0001001': 3, '0100001': 7, '0001000': 4, '0010000': 1, '0010001': 2, '0100100': 1, '0011000': 1}",3,"{0: 3, 6: 1}",0.008025407791137695,0.09027242660522461,"{'0001000': 7, '0000000': 496, '0100001': 4, '0001001': 7, '0010000': 4, '0000001': 454, '0000011': 6, '0000010': 7, '0000101': 6, '0100000': 8, '0110000': 1, '1000001': 4, '0010001': 6, '0000110': 1, '1000000': 8, '0000100': 3, '0010011': 1, '1010000': 1}",8,"{0: 8, 6: 1}","{'0000000': 518, '0000001': 506}"
8,7,0.01203012466430664,0.06749844551086426,"{'0010000': 7, '0001001': 12, '0000001': 459, '0001000': 4, '0000000': 483, '0000010': 4, '0000100': 7, '0010010': 1, '0100000': 6, '0010001': 9, '1000001': 7, '0000101': 6, '0100001': 2, '0010101': 2, '1000000': 4, '0000011': 8, '0001101': 1, '0101001': 1, '0001011': 1}",3,{1: 3},0.014641523361206055,0.08925080299377441,"{'0100000': 8, '0010001': 9, '0000000': 471, '0001001': 3, '0100001': 9, '0000001': 462, '0000010': 9, '0000101': 9, '0000011': 7, '0010000': 9, '1000001': 5, '1000000': 10, '0000100': 7, '1010000': 2, '1100000': 1, '0001000': 3}",3,{5: 3},0.01137399673461914,0.08995699882507324,"{'0001000': 10, '0000000': 500, '0001001': 7, '0000001': 448, '1000000': 7, '1000101': 1, '0000011': 8, '0000101': 2, '0000010': 10, '0100001': 9, '0000100': 8, '0010001': 4, '0010000': 3, '1000001': 2, '0100000': 4, '0001011': 1}",3,{0: 3},0.009396553039550781,0.08639335632324219,"{'0100000': 10, '0000000': 453, '0010000': 3, '0100001': 9, '0000001': 476, '1000000': 13, '1000001': 9, '0000101': 10, '0000010': 9, '0001000': 12, '0000011': 9, '0000100': 5, '0010001': 2, '0001001': 4}",9,{0: 9},"{'0000000': 520, '0000001': 504}"
9,2,0.023175477981567383,0.0750885009765625,"{'0001001': 223, '0000001': 248, '1000001': 236, '1001001': 217, '1000000': 9, '1001000': 15, '0001000': 20, '0000101': 5, '0000000': 9, '0010001': 5, '0101001': 3, '1010001': 5, '1111001': 1, '0001011': 1, '1001101': 4, '1010000': 1, '1011001': 4, '1001010': 1, '1100001': 2, '0100001': 3, '1001011': 1, '0001101': 3, '0011001': 2, '1101001': 5, '1000101': 1}",3,"{2: 3, 6: 3, 1: 2, 0: 1, 3: 1, 5: 1}",0.017382144927978516,0.0842750072479248,"{'1000001': 225, '1001001': 221, '0001001': 222, '0000001': 258, '0000000': 19, '0001000': 11, '1001000': 13, '1101001': 2, '0010001': 3, '1010001': 1, '1001011': 2, '0001101': 5, '0100001': 2, '1000000': 12, '0001011': 4, '1001101': 3, '1011001': 6, '1100001': 4, '0000011': 1, '1000101': 4, '1000011': 1, '0000101': 2, '0101001': 1, '0010000': 1, '0011001': 1}",3,"{0: 3, 6: 3, 1: 2, 2: 1, 3: 1, 5: 1}",0.014701366424560547,0.09345722198486328,"{'0000001': 237, '0001001': 250, '1000001': 240, '1001001': 202, '0000000': 10, '0001000': 9, '0000011': 3, '1000101': 2, '1100000': 1, '1001000': 10, '0000101': 1, '1000011': 3, '1000000': 15, '0001011': 3, '1001101': 3, '1100001': 6, '0100001': 1, '0101001': 5, '0010001': 3, '1101001': 5, '1001011': 4, '0001101': 3, '1011001': 2, '1010001': 2, '0011001': 4}",3,"{3: 3, 6: 3, 0: 2, 2: 1, 4: 1, 5: 1}",0.009040117263793945,0.0876154899597168,"{'0000001': 214, '0001001': 219, '1000001': 271, '1001001': 237, '0000010': 2, '0000000': 12, '1000000': 9, '1001000': 10, '0001011': 3, '1001101': 2, '0000101': 2, '1000011': 3, '1011001': 2, '0011001': 1, '0100001': 5, '0101001': 7, '0001101': 2, '1001011': 5, '1000101': 2, '0000011': 3, '0001000': 7, '1010001': 3, '1101001': 1, '0010001': 1, '1100000': 1}",3,"{3: 3, 6: 3, 0: 2, 2: 1, 4: 1, 5: 1}","{'0001001': 244, '0000001': 262, '1001001': 273, '1000001': 245}"
9,3,0.02602696418762207,0.07374072074890137,"{'0101000': 247, '0001000': 11, '1001001': 1, '0111000': 223, '0111001': 206, '0011000': 11, '0101001': 238, '0101011': 4, '1101001': 2, '0110000': 10, '0011001': 12, '0110001': 8, '0101100': 6, '0100000': 4, '0001001': 5, '1111001': 3, '0111011': 2, '0000001': 1, '0101010': 3, '0111100': 3, '1011001': 2, '0101101': 4, '1111000': 8, '0100001': 4, '0111101': 1, '1101000': 3, '0111010': 2}",3,"{5: 3, 6: 3, 3: 2, 1: 1, 4: 1}",0.017803192138671875,0.08185362815856934,"{'0100000': 11, '0101000': 248, '0011000': 15, '0101001': 207, '1001001': 1, '0111000': 231, '0111010': 4, '0110001': 6, '0111001': 202, '1111000': 5, '0001000': 20, '0101100': 4, '0101010': 2, '0001010': 1, '0100001': 9, '1101001': 3, '0001001': 21, '1111001': 4, '0111100': 5, '0111101': 1, '0001100': 1, '0110000': 5, '0011001': 11, '0101011': 2, '1011000': 1, '1101000': 3, '0111011': 1}",3,"{0: 3, 1: 3, 3: 2, 2: 1, 5: 1}",0.019924163818359375,0.08739233016967773,"{'0111001': 220, '0100001': 9, '0011000': 8, '0101001': 224, '0101000': 248, '1111000': 4, '0111000': 220, '0110000': 10, '1101000': 3, '0011001': 12, '0001001': 9, '0001000': 5, '0111010': 5, '0100000': 12, '0101101': 5, '1111001': 2, '0101100': 1, '0110001': 4, '0111100': 2, '0100011': 1, '0001100': 1, '0111101': 5, '0100010': 1, '1100000': 1, '0101010': 3, '0111011': 3, '0010000': 1, '1101001': 2, '0101011': 2, '0011100': 1}",3,"{0: 3, 4: 3, 3: 2, 5: 1, 6: 1}",0.012299537658691406,0.09591794013977051,"{'0100000': 12, '0101000': 237, '0111001': 193, '0111000': 242, '0001001': 9, '0101001': 219, '1111010': 1, '0101011': 4, '1111001': 4, '1101000': 3, '0110000': 7, '0100001': 13, '0101100': 6, '1101001': 4, '0111100': 6, '0001000': 12, '0110001': 10, '0011000': 9, '0111101': 2, '1110000': 1, '0010001': 3, '0000000': 3, '0011001': 9, '1011011': 1, '1111000': 3, '0000001': 1, '0101010': 1, '0111010': 3, '0110011': 1, '0101101': 4, '0110010': 1}",13,"{0: 13, 3: 5, 4: 3, 5: 1, 6: 1}","{'0111001': 243, '0101000': 254, '0101001': 282, '0111000': 245}"
9,4,0.015006542205810547,0.06433224678039551,"{'1001001': 3, '1000001': 247, '0000001': 262, '1000000': 223, '0100000': 6, '0000000': 232, '1000011': 4, '0000101': 6, '0000100': 1, '1000010': 3, '1000101': 7, '0000011': 4, '0010000': 2, '1000100': 2, '0000010': 6, '1010101': 1, '1100000': 1, '0001001': 2, '1010000': 4, '1010001': 1, '0010001': 3, '0100001': 3, '1100010': 1}",3,"{5: 3, 6: 3, 3: 1, 4: 1}",0.018764734268188477,0.07898521423339844,"{'0000001': 272, '0010001': 3, '0000000': 282, '1000000': 216, '1000001': 179, '0010101': 1, '1000010': 6, '0000100': 4, '1000011': 3, '0000101': 8, '0001001': 2, '0010000': 3, '1000100': 4, '0000010': 6, '0100000': 6, '1010000': 6, '1100001': 2, '0000011': 7, '1010001': 4, '1010101': 1, '0100001': 3, '1100000': 3, '0001011': 1, '0001000': 2}",3,"{1: 3, 2: 3, 0: 1, 3: 1}",0.013427495956420898,0.08467984199523926,"{'0001000': 3, '0000000': 267, '1000001': 230, '0000001': 240, '1000000': 225, '0000101': 2, '1000011': 5, '0000010': 3, '1000100': 1, '1000101': 2, '0000011': 7, '1000010': 6, '0000100': 5, '0001001': 3, '1001000': 3, '1100001': 2, '1100000': 6, '1001001': 4, '0100000': 5, '0100001': 2, '1010001': 1, '0010000': 1, '1010000': 1}",3,"{0: 3, 6: 3, 4: 1, 5: 1}",0.00800180435180664,0.08791708946228027,"{'0000001': 235, '1001001': 4, '1000001': 238, '0001000': 5, '0000000': 254, '0000101': 7, '1000011': 4, '1000000': 236, '1100000': 5, '1000100': 5, '0000100': 1, '1000010': 2, '0100001': 3, '1000101': 3, '0000011': 3, '1010000': 1, '1010001': 3, '1100001': 3, '0010001': 4, '0100000': 1, '0010000': 2, '0001001': 3, '1001000': 1, '0001101': 1}",6,"{0: 6, 6: 3, 4: 1, 5: 1}","{'1000000': 248, '0000000': 250, '1000001': 248, '0000001': 278}"
9,5,0.016309499740600586,0.06294608116149902,"{'1100000': 236, '1100101': 8, '0000001': 7, '1100001': 247, '1000000': 249, '1000001': 207, '0100000': 5, '1110001': 5, '0100001': 11, '1000100': 5, '1110000': 2, '1100011': 5, '0001001': 1, '1001000': 3, '1000101': 1, '0000100': 1, '1000010': 3, '1010000': 4, '1100010': 1, '1100100': 3, '0000000': 8, '1010001': 4, '1101000': 2, '1101001': 2, '1000011': 1, '1001001': 2, '0100100': 1}",3,"{1: 3, 3: 3, 0: 2}",0.01746344566345215,0.08139371871948242,"{'0110000': 1, '1000001': 213, '1100000': 245, '1000000': 248, '1100001': 215, '1101001': 7, '1100100': 5, '0000000': 16, '1110000': 1, '1001000': 5, '1100101': 3, '0000001': 9, '1101000': 5, '0100000': 9, '0000010': 1, '1000100': 3, '1010000': 4, '1000101': 1, '0000011': 1, '1010001': 7, '0100001': 11, '1100010': 2, '1001001': 4, '1000011': 2, '1110001': 3, '0100100': 1, '1100011': 1, '1000010': 1}",3,"{3: 3, 5: 3, 6: 2}",0.015746355056762695,0.0986170768737793,"{'1000001': 232, '1100001': 215, '1100000': 213, '1001000': 4, '1000000': 268, '0100000': 12, '0000000': 17, '0100001': 12, '1100101': 4, '1010001': 3, '1010000': 3, '0000001': 9, '1100011': 4, '1000101': 4, '1001001': 5, '1101000': 2, '1100010': 4, '1100100': 3, '1110000': 1, '1101011': 1, '1000010': 1, '1000011': 2, '1000100': 3, '1110001': 1, '1101001': 1}",3,"{0: 3, 5: 3, 6: 2}",0.010094881057739258,0.09161758422851562,"{'1000001': 241, '1100001': 217, '1100000': 226, '1101000': 5, '1000000': 252, '0000000': 14, '0100000': 9, '1100101': 2, '0100001': 9, '0100010': 1, '1110001': 1, '1100011': 2, '1001001': 3, '1000011': 4, '1000010': 2, '0110011': 1, '1001000': 5, '0000001': 7, '1000100': 3, '1100010': 4, '1100100': 4, '1101001': 1, '1110000': 2, '1010001': 3, '1010000': 1, '1010101': 1, '0101001': 1, '0001000': 1, '1001010': 1, '1000101': 1}",15,"{0: 15, 6: 5, 5: 3}","{'1000001': 247, '1100000': 243, '1000000': 268, '1100001': 266}"
9,6,0.010414361953735352,0.06121635437011719,"{'0000001': 270, '1000001': 207, '0000000': 241, '1000011': 3, '1001000': 5, '0000110': 1, '1000000': 231, '0000100': 4, '1000010': 3, '0000011': 8, '1000101': 3, '0100000': 6, '1001001': 5, '0000010': 5, '1100001': 4, '0001000': 3, '0010001': 6, '0001001': 4, '0010000': 3, '1100000': 3, '1010000': 2, '0100001': 3, '1010001': 2, '0010011': 1, '0101000': 1}",3,"{3: 3, 5: 3}",0.01873946189880371,0.07996320724487305,"{'0001001': 5, '0000001': 239, '0001000': 4, '0000000': 240, '1000101': 4, '0000011': 4, '1000000': 240, '1000001': 236, '1000010': 4, '0000100': 2, '1010001': 2, '0000101': 1, '1000011': 4, '0010000': 6, '1000100': 4, '0000010': 3, '1001000': 7, '1001001': 5, '0010001': 5, '1100001': 1, '1100000': 5, '1010000': 1, '1100011': 1, '0100001': 1}",3,"{3: 3, 5: 3}",0.01306462287902832,0.09103727340698242,"{'1000000': 235, '0000000': 258, '1000001': 258, '0100001': 2, '0001001': 3, '0000001': 221, '0000010': 3, '1000100': 4, '1000101': 3, '0000011': 4, '1100000': 3, '0001000': 5, '1010000': 2, '0010000': 2, '1001001': 2, '1101001': 1, '0000100': 4, '1000010': 3, '0100000': 4, '0010001': 2, '1010001': 1, '1011000': 1, '0101000': 1, '0000101': 1, '1100001': 1}",3,"{0: 3, 6: 3}",0.0070629119873046875,0.10026311874389648,"{'0000000': 262, '0100001': 5, '0000001': 259, '1001000': 2, '1000000': 237, '1000001': 212, '0000011': 1, '1000101': 1, '1000100': 3, '0000010': 3, '1000011': 1, '0000101': 3, '1001001': 5, '1010001': 3, '1000010': 6, '0000100': 4, '0001000': 6, '0010000': 2, '1010000': 2, '0001001': 2, '1100001': 1, '0010011': 1, '1100000': 2, '0100000': 1}",8,"{0: 8, 6: 3}","{'1000000': 271, '0000000': 250, '0000001': 249, '1000001': 254}"
9,7,0.010250329971313477,0.060857534408569336,"{'0100001': 17, '0001001': 15, '0000001': 893, '0100000': 1, '0010001': 15, '0000000': 49, '1000001': 5, '0000011': 10, '0000101': 11, '1001001': 1, '0000100': 1, '0001000': 2, '0100101': 2, '0101001': 1, '1000000': 1}",1,{1: 1},0.011750936508178711,0.07953548431396484,"{'0100001': 7, '0001001': 14, '0000001': 891, '0000101': 16, '0010001': 13, '0000000': 53, '1000001': 13, '1000101': 1, '0000011': 12, '0010000': 1, '0100000': 1, '0000100': 1, '1010001': 1}",1,{1: 1},0.011676311492919922,0.0877525806427002,"{'0001001': 11, '0100001': 12, '0000001': 920, '0000011': 16, '0010001': 4, '0000000': 34, '0000101': 11, '1000000': 1, '1000001': 10, '0000010': 1, '1001001': 1, '0001000': 1, '0010000': 1, '0100000': 1}",1,{0: 1},0.008036375045776367,0.08984017372131348,"{'0100001': 11, '0001001': 13, '0000001': 903, '0000011': 16, '0000111': 2, '1000001': 11, '0010001': 11, '0000000': 40, '0000101': 13, '0001000': 1, '0001011': 1, '1010001': 1, '0000010': 1}",11,{0: 11},{'0000001': 1024}
10,2,0.01943826675415039,0.06282973289489746,"{'1110001': 8, '1001101': 94, '1111001': 84, '0001001': 5, '1001001': 114, '1000001': 9, '1111101': 121, '1101101': 104, '1011001': 117, '1101001': 116, '1011101': 103, '1011111': 3, '1111111': 1, '1100101': 8, '1110101': 11, '1001011': 4, '0001101': 5, '1101000': 9, '1001000': 8, '1010101': 5, '0011001': 1, '1111000': 7, '1011000': 7, '1011100': 3, '0101101': 4, '0101100': 1, '1000101': 7, '0100001': 1, '0011101': 6, '1100001': 7, '1111011': 1, '1010111': 1, '1010001': 12, '0101011': 1, '0111101': 3, '1101111': 2, '1001100': 12, '0101001': 3, '1100011': 1, '1111100': 5, '1101100': 6, '1101011': 3, '0011100': 1}",3,"{0: 3, 3: 3, 5: 3, 1: 2, 2: 2, 4: 2}",0.01924300193786621,0.08709383010864258,"{'1000001': 11, '1111101': 96, '1001001': 121, '1110001': 11, '1001101': 104, '1111001': 95, '1011101': 106, '0010101': 1, '1011001': 113, '1010101': 7, '0011001': 4, '1101101': 115, '1001000': 5, '0111001': 4, '1101001': 116, '1001100': 9, '1011100': 9, '1000101': 7, '1100101': 7, '0001101': 5, '1110111': 1, '1001011': 3, '1001111': 2, '1111100': 5, '1110101': 7, '1101100': 6, '1111000': 5, '1101000': 5, '0011101': 5, '1100001': 5, '1011000': 4, '0101000': 1, '0101101': 2, '0111101': 3, '1011011': 1, '1010001': 7, '0001001': 2, '1101111': 1, '1101011': 2, '0101001': 6, '1111111': 2, '1011111': 1, '1100000': 1, '1000100': 1}",3,"{0: 3, 3: 3, 5: 3, 1: 2, 2: 2, 4: 2}",0.015317916870117188,0.07541370391845703,"{'1001001': 145, '1000001': 4, '1111101': 117, '1011001': 135, '0111100': 2, '0001101': 2, '1110111': 1, '1001011': 2, '1101101': 116, '1011101': 96, '1110001': 3, '1001101': 85, '1111001': 108, '0101101': 4, '1101001': 117, '0011101': 5, '1100001': 4, '1001000': 6, '0111001': 3, '1011000': 6, '1010001': 3, '0111101': 7, '1010101': 5, '0011001': 6, '0011011': 1, '1011100': 1, '0001001': 5, '1000101': 4, '0101001': 5, '1010100': 1, '1011111': 1, '1111100': 4, '1001100': 4, '1101111': 1, '1101011': 2, '1100101': 2, '1111000': 4, '0100001': 1, '0101000': 1, '1011011': 1, '1000100': 1, '1110101': 1, '1101100': 1, '1111011': 1}",3,"{2: 3, 4: 3, 5: 3, 0: 2, 3: 2, 6: 2}",0.00754237174987793,0.07982325553894043,"{'1011101': 104, '0111000': 1, '1001001': 113, '1000001': 5, '1111101': 117, '1101001': 120, '1111001': 124, '1110001': 2, '1001101': 100, '1011001': 119, '0010001': 1, '1101101': 119, '1101100': 4, '1100001': 2, '0011101': 7, '0001000': 2, '1010101': 5, '0011001': 3, '1011000': 4, '0101100': 1, '1000101': 4, '1011100': 5, '1110101': 5, '0101101': 4, '1001100': 4, '0101001': 5, '1100011': 2, '1101000': 3, '1111011': 2, '0001001': 9, '1110000': 1, '0111101': 4, '1001111': 2, '1111000': 3, '1001000': 2, '0111001': 2, '1101011': 3, '0001101': 2, '1010001': 2, '1111111': 2, '1011111': 1, '1101111': 1, '1111100': 3}",5,"{3: 5, 6: 5, 2: 3, 4: 3, 5: 3, 0: 2}","{'1011101': 134, '1101001': 135, '1011001': 132, '1001101': 127, '1111001': 127, '1101101': 130, '1001001': 134, '1111101': 105}"
10,3,0.016350269317626953,0.07027864456176758,"{'1101000': 119, '1001000': 116, '1000000': 134, '1001001': 111, '1100001': 114, '1101001': 90, '1011000': 1, '1101010': 3, '0001000': 9, '1000001': 124, '0101001': 4, '1010001': 1, '1100000': 134, '1101101': 2, '1110000': 1, '1000011': 2, '1010011': 1, '0001001': 5, '0100000': 8, '0100001': 7, '1100010': 3, '1001101': 3, '1110001': 1, '0000011': 1, '1000101': 3, '0000000': 5, '1100100': 2, '1000010': 2, '1010000': 2, '0000001': 4, '1001010': 1, '1001011': 1, '0101000': 2, '1100011': 2, '1101011': 2, '1100101': 3, '1011001': 1}",3,"{3: 3, 5: 3, 6: 3, 1: 1, 4: 1}",0.019369840621948242,0.202850341796875,"{'1001000': 127, '1000000': 140, '1100000': 128, '1101000': 113, '1000001': 108, '1001001': 115, '1101001': 107, '1100001': 108, '0000000': 4, '0100001': 4, '0101001': 7, '0000001': 8, '0101000': 7, '1100101': 2, '0001000': 10, '0001101': 1, '1001011': 3, '1100100': 2, '1000010': 1, '0101101': 1, '1111001': 1, '1101011': 1, '0001001': 8, '1101100': 1, '1010000': 1, '1110001': 2, '1001100': 2, '1100011': 1, '0000101': 1, '1011000': 1, '1000100': 2, '0100000': 3, '1001010': 1, '1110000': 2, '1111000': 1}",3,"{0: 3, 1: 3, 3: 3, 2: 1, 5: 1}",0.015798091888427734,0.08748388290405273,"{'1101001': 103, '1000000': 129, '1001000': 120, '1000001': 145, '1001001': 120, '1100000': 114, '0101001': 7, '0001001': 4, '1100001': 110, '1000101': 2, '1011000': 2, '1101010': 3, '1101000': 121, '1100010': 1, '0100001': 5, '0000000': 8, '1111000': 1, '1000100': 1, '1001010': 3, '0100000': 9, '1000111': 1, '1101101': 1, '1110001': 1, '0101000': 2, '0001000': 3, '1010001': 1, '1011001': 1, '1110000': 3, '1001011': 2, '1000010': 1}",3,"{0: 3, 3: 3, 5: 3, 4: 1, 6: 1}",0.012188196182250977,0.08718490600585938,"{'1101100': 2, '1001001': 110, '1000001': 150, '1000011': 2, '1101001': 115, '1100001': 108, '1101000': 117, '1001000': 115, '0100000': 3, '1000000': 119, '1100000': 114, '0000001': 5, '1000101': 3, '1001011': 2, '1100011': 2, '1100101': 2, '0101001': 5, '1010001': 1, '1000100': 1, '1101010': 3, '0001001': 6, '0000000': 8, '1001010': 4, '1101101': 1, '0001000': 7, '1000010': 2, '0101000': 5, '1111000': 2, '1100100': 3, '1001100': 1, '0100101': 1, '1110000': 2, '0100001': 2, '1100010': 1}",5,"{0: 5, 3: 3, 5: 3, 4: 1, 6: 1}","{'1001000': 134, '1000000': 119, '1101001': 133, '1100001': 128, '1000001': 103, '1001001': 158, '1101000': 120, '1100000': 129}"
10,4,0.010177135467529297,0.061087608337402344,"{'1110000': 424, '1010000': 487, '1110001': 6, '1110100': 8, '0110000': 17, '1100000': 17, '1010100': 6, '1001000': 1, '1010001': 6, '0010000': 21, '1010010': 9, '1110010': 8, '1111000': 1, '1000000': 9, '1100100': 1, '1000100': 1, '1011000': 2}",3,"{2: 3, 3: 2, 0: 1, 1: 1}",0.016210317611694336,0.07862162590026855,"{'1111000': 9, '1110000': 418, '1010000': 480, '1000000': 21, '0011000': 1, '1010100': 13, '0010000': 12, '1110010': 7, '1010001': 6, '1010010': 7, '1100000': 25, '1110100': 4, '1110001': 3, '0110000': 11, '0010100': 1, '1011000': 4, '1011010': 1, '1010011': 1}",3,"{6: 3, 3: 2, 4: 1, 5: 1}",0.017416000366210938,0.08344888687133789,"{'1010000': 427, '1111000': 8, '1110000': 485, '1110001': 6, '1110010': 8, '0010000': 12, '1000000': 17, '0110000': 19, '1010001': 4, '1100000': 14, '1011000': 2, '0010100': 1, '1010010': 4, '0100000': 3, '1110100': 6, '1111001': 1, '1011010': 1, '1101000': 1, '1010100': 2, '1100100': 1, '1000100': 1, '1010101': 1}",3,"{5: 3, 4: 2, 0: 1, 6: 1}",0.012039661407470703,0.09397315979003906,"{'1110000': 434, '1011000': 5, '1010000': 460, '1110001': 8, '1000000': 24, '0110000': 17, '1110010': 6, '0010000': 21, '1111000': 9, '1100000': 15, '1010010': 3, '1110100': 5, '1010001': 4, '0110100': 1, '1000010': 1, '0000000': 1, '0011000': 1, '1010100': 4, '1100010': 2, '0100000': 1, '0111000': 1, '1111010': 1}",12,"{0: 12, 4: 5, 5: 3, 6: 1}","{'1110000': 499, '1010000': 525}"
10,5,0.017575502395629883,0.06307625770568848,"{'1000001': 450, '1001000': 1, '1000000': 21, '1100001': 430, '1010001': 7, '1100000': 23, '0100001': 18, '1110001': 12, '0000001': 23, '0000000': 4, '1100011': 5, '1000101': 9, '1000100': 2, '1110000': 1, '1100101': 5, '1001001': 2, '0001001': 2, '1000011': 5, '0010000': 1, '1101001': 1, '1000010': 1, '1010000': 1}",3,"{3: 3, 0: 2, 1: 2}",0.018334388732910156,0.08133554458618164,"{'1101001': 6, '1100001': 430, '1001001': 12, '1000001': 451, '0000001': 21, '0100001': 18, '1000000': 25, '1110001': 4, '1100000': 28, '1100011': 4, '1000011': 8, '1100101': 5, '1010001': 6, '0101001': 1, '0100100': 1, '1000101': 4}",3,"{3: 3, 0: 2, 1: 2}",0.017299652099609375,0.08914637565612793,"{'1101001': 9, '1100001': 422, '1100101': 6, '0000001': 17, '1001001': 4, '1000001': 482, '0100011': 1, '1000101': 5, '1110001': 3, '1100000': 21, '1000000': 18, '0000000': 1, '0100001': 18, '1100011': 5, '0101001': 1, '1000011': 10, '0001001': 1}",3,"{5: 3, 0: 2, 6: 2}",0.01218414306640625,0.09312224388122559,"{'1101001': 8, '1100001': 429, '0100001': 11, '1000001': 461, '1000000': 21, '1000101': 6, '1100000': 22, '1110001': 8, '1000011': 14, '0000001': 17, '1100101': 5, '0100101': 2, '1100011': 6, '1001001': 8, '1010001': 3, '0100000': 1, '1101000': 1, '1000010': 1}",13,"{0: 13, 6: 5, 5: 3}","{'1100001': 527, '1000001': 497}"
10,6,0.012969970703125,0.06334853172302246,"{'1000000': 462, '1000001': 470, '0000001': 23, '1100000': 6, '1000010': 3, '1010001': 8, '0000000': 10, '1000101': 8, '1000011': 4, '1001000': 11, '1000100': 7, '1100001': 4, '1010000': 5, '1100101': 1, '1001001': 2}",3,"{5: 3, 3: 1}",0.012964725494384766,0.08604192733764648,"{'1001000': 8, '1000000': 475, '0000001': 16, '1000001': 447, '1000011': 9, '1010000': 9, '1000101': 6, '1000100': 3, '1100000': 6, '1010001': 3, '1100001': 5, '0000100': 1, '1000010': 9, '1000110': 1, '0000000': 11, '1001010': 1, '1001011': 1, '1001001': 9, '1100101': 1, '0100001': 1, '0010001': 1, '0001001': 1}",3,"{5: 3, 3: 1}",0.01240682601928711,0.09410738945007324,"{'1000001': 438, '1001000': 9, '1000000': 483, '0000000': 18, '1000110': 1, '0001000': 1, '1000100': 9, '0000001': 19, '1100001': 7, '1000010': 8, '1010000': 7, '1000011': 6, '1010001': 4, '1100000': 4, '1000101': 5, '1001001': 5}",3,"{0: 3, 6: 1}",0.010309457778930664,0.09778666496276855,"{'1000001': 462, '1001000': 8, '1000000': 446, '0000001': 24, '1100001': 7, '1000011': 9, '0000100': 1, '1000010': 9, '1100000': 9, '0000000': 21, '1000100': 5, '1001001': 6, '0000011': 1, '1000101': 7, '1010000': 7, '0001001': 1, '0001000': 1}",12,"{0: 12, 6: 1}","{'1000000': 518, '1000001': 506}"
10,7,0.012242794036865234,0.06663012504577637,"{'0010001': 10, '0100000': 6, '0000000': 473, '0010000': 8, '0100001': 8, '0000001': 475, '0000101': 4, '0000100': 11, '0000011': 4, '1000001': 5, '0000010': 4, '0001000': 2, '0001001': 3, '1000000': 10, '0100101': 1}",3,{5: 3},0.016506671905517578,0.08132457733154297,"{'0001001': 7, '0010000': 9, '0000001': 431, '0001000': 14, '0000000': 510, '1000000': 9, '1000011': 1, '0000101': 8, '0000010': 9, '0000011': 7, '1000001': 3, '0100000': 2, '0010001': 8, '0000100': 4, '0010100': 1, '0100001': 1}",3,{1: 3},0.014290094375610352,0.08537459373474121,"{'0001001': 5, '0000001': 440, '0001000': 8, '0010001': 3, '0000000': 504, '0000010': 8, '0000100': 6, '1000000': 8, '0000101': 11, '0100001': 5, '0100000': 8, '1000001': 6, '0000011': 7, '0010000': 4, '1001011': 1}",3,{0: 3},0.00978708267211914,0.08817720413208008,"{'0000001': 458, '0000101': 10, '0100000': 11, '0001000': 7, '0000000': 478, '0000010': 8, '1000000': 8, '0000011': 10, '0010000': 2, '1000001': 11, '0001001': 6, '0000100': 7, '0100001': 4, '0010001': 2, '1100000': 1, '0001011': 1}",13,{0: 13},"{'0000000': 518, '0000001': 506}"
11,2,0.031187772750854492,0.07830381393432617,"{'0000001': 35, '0101001': 19, '0100001': 871, '1100001': 17, '0100101': 18, '0111101': 1, '0100011': 12, '0100000': 32, '0100100': 2, '0110001': 13, '0110101': 3, '0000000': 1}",2,"{'1': 2, '2': 1, '4': 1, '5,3': 1, '3': 1, '6': 1}",0.02418804168701172,0.10673260688781738,"{'0101001': 6, '0000001': 57, '0100001': 859, '0100101': 10, '0100111': 1, '0100011': 12, '0110001': 18, '0100000': 40, '1100001': 13, '0101101': 1, '1000001': 1, '0110000': 1, '0000011': 1, '0010001': 1, '0110101': 2, '0000000': 1}",2,"{'1': 2, '2': 1, '4': 1, '5,3': 1, '3': 1, '6': 1}",0.01970529556274414,0.09407854080200195,"{'0100000': 56, '0101001': 16, '0000001': 48, '0100001': 847, '0100100': 4, '0100101': 14, '1100001': 17, '0110001': 11, '1100000': 1, '0000000': 2, '0100011': 5, '1000001': 1, '0101101': 1, '1110001': 1}",2,"{'5': 2, '0': 1, '2': 1, '1,3': 1, '3': 1, '6': 1}",0.022594451904296875,0.08719611167907715,"{'0101001': 18, '0000001': 28, '0100001': 866, '0110001': 17, '0110101': 7, '0100000': 32, '0100101': 18, '1100001': 11, '0100100': 1, '0111101': 1, '0100011': 10, '0000000': 3, '0110111': 4, '0100111': 1, '0101101': 2, '0110011': 3, '1100011': 1, '0000101': 1}",7,"{'0': 6, '4': 5, '1,2': 2, '1,3': 2, '4,5': 2, '2,1': 1, '3,1': 1, '1': 1, '5,4': 1, '3,5': 1, '5': 1, '6': 1}",{'0100001': 1024}
11,3,0.017505645751953125,0.07432723045349121,"{'0000000': 74, '1110011': 2, '0100000': 53, '0100011': 1, '1110000': 73, '1000001': 65, '0110000': 40, '0010000': 82, '1100000': 60, '0110001': 45, '1000000': 63, '1100001': 47, '0010101': 1, '1011001': 3, '0010001': 75, '1110001': 57, '0000001': 65, '1010001': 70, '1010000': 58, '1110010': 1, '0100001': 59, '0000101': 1, '0110011': 1, '0000100': 2, '1000010': 1, '1100010': 3, '1101001': 3, '1000101': 1, '1001001': 2, '0000010': 1, '1000100': 2, '1100011': 2, '0101000': 3, '0001001': 2, '1010101': 1, '0011001': 2, '1010011': 1, '1111001': 1, '0010010': 1}",3,"{0: 3, 1: 3, 2: 3, 5: 3, 3: 1}",0.019933700561523438,0.08487749099731445,"{'0010000': 69, '0100001': 77, '0000001': 62, '1010000': 57, '1100001': 63, '1010001': 65, '1000000': 56, '0110001': 57, '0100000': 66, '0110000': 57, '1000001': 65, '1110001': 44, '0010001': 60, '1100000': 59, '1110000': 56, '0000000': 81, '1000101': 1, '0110100': 2, '0000011': 2, '0101000': 1, '0001000': 1, '0011000': 1, '1000100': 3, '0011001': 1, '1001001': 1, '0111000': 1, '0100100': 1, '0000100': 2, '1101001': 1, '1000011': 2, '0110010': 1, '0101001': 2, '1111000': 1, '1110100': 1, '0010010': 1, '1111001': 1, '0010011': 1, '1011000': 1, '0010100': 1}",3,"{0: 3, 1: 3, 2: 3, 5: 3, 3: 1}",0.01514291763305664,0.09028172492980957,"{'0101001': 2, '0010000': 80, '0000001': 63, '0110000': 65, '1000001': 64, '0100011': 1, '1110000': 62, '0110001': 55, '1000000': 72, '1110011': 4, '0100000': 78, '1110010': 1, '0100001': 68, '1010000': 56, '0000000': 54, '0010001': 53, '1110001': 53, '1100001': 64, '0011000': 1, '1010100': 1, '1010001': 48, '1100000': 52, '0001000': 2, '1010101': 1, '0010010': 1, '1011000': 1, '0010100': 2, '1100010': 2, '1010011': 2, '0101000': 2, '0110100': 2, '1001000': 2, '1000011': 1, '1000010': 3, '0100101': 1, '0111000': 1, '1110101': 1, '1101000': 1, '1010010': 1, '0010011': 1}",3,"{0: 3, 4: 3, 5: 3, 6: 3, 3: 1}",0.010142087936401367,0.09899163246154785,"{'1100001': 61, '1010000': 75, '1000001': 55, '0110000': 61, '0010000': 62, '0100010': 1, '1110001': 54, '0110001': 54, '1000000': 65, '1110000': 47, '0010001': 50, '0000000': 74, '1010001': 60, '0000001': 72, '0100001': 58, '0110100': 1, '0000011': 3, '1110011': 1, '0100000': 66, '1010100': 1, '0011000': 3, '1100000': 61, '1011000': 2, '1101001': 1, '0010011': 2, '1001001': 1, '1100100': 1, '0110011': 2, '0000100': 1, '1001000': 1, '0111001': 2, '0110010': 1, '1000011': 2, '0110101': 1, '0000010': 3, '1110101': 1, '0100101': 1, '1111000': 2, '0100100': 1, '1100011': 2, '1010101': 1, '0001001': 2, '1010011': 2, '1111001': 2, '0101001': 1, '1110100': 1, '1010010': 2, '1100101': 1}",5,"{0: 5, 4: 3, 5: 3, 6: 3, 3: 1}","{'1110000': 61, '0010001': 60, '1010001': 78, '0000001': 62, '0100001': 63, '1000001': 62, '0110000': 72, '1100001': 48, '0110001': 56, '1000000': 84, '0000000': 56, '1110001': 76, '0100000': 59, '1010000': 69, '1100000': 51, '0010000': 67}"
11,4,0.019577741622924805,0.08762240409851074,"{'1000001': 871, '1000000': 46, '0000001': 44, '1000011': 10, '1101001': 1, '1100001': 17, '1010001': 12, '1000101': 15, '1010000': 1, '1001001': 2, '0100001': 2, '1100000': 1, '1100011': 1, '1000100': 1}",2,"{'0': 2, '2': 1, '1,3': 1, '3': 1}",0.01225137710571289,0.09827113151550293,"{'1001001': 11, '1000001': 871, '1000000': 39, '1100001': 9, '1000011': 21, '0000001': 37, '1000100': 1, '1010001': 13, '0000000': 3, '1010101': 2, '1011001': 1, '1000101': 9, '0010001': 1, '1110001': 1, '0100001': 1, '1100000': 1, '1010000': 2, '1100011': 1}",2,"{'4': 2, '5,3': 1, '3': 1, '6': 1}",0.016300678253173828,0.09776782989501953,"{'1001001': 14, '1000001': 875, '1100001': 9, '1000011': 17, '0000011': 1, '1000101': 10, '0000001': 42, '1000000': 41, '1010001': 6, '0100001': 1, '1000010': 3, '0000000': 3, '0001001': 1, '1100101': 1}",2,"{'0': 2, '4': 1, '5,6': 1, '6': 1}",0.008942604064941406,0.10069465637207031,"{'1001001': 8, '1100011': 2, '1000001': 855, '1010001': 7, '1100001': 18, '1000011': 23, '0110001': 1, '1000000': 46, '0000001': 55, '1000101': 8, '1000010': 1}",4,"{'0': 4, '4': 1, '5,6': 1, '6': 1}",{'1000001': 1024}
11,5,0.016376256942749023,0.06557726860046387,"{'1101000': 16, '1100000': 873, '1100010': 17, '1000000': 32, '1100100': 11, '0100000': 43, '1110000': 13, '1110001': 2, '0100010': 1, '1100001': 10, '0000000': 4, '1110010': 2}",2,"{'4': 2, '5,3': 1, '6': 1}",0.012203216552734375,0.08273911476135254,"{'1100010': 10, '1000000': 51, '1101000': 6, '1100000': 866, '0100000': 60, '1100100': 5, '1110000': 7, '0100010': 1, '1110001': 4, '0100100': 1, '1100001': 6, '0100001': 2, '1001000': 1, '1100011': 1, '0110000': 1, '1000001': 1, '1000100': 1}",2,"{'0': 2, '2': 1, '1,3': 1}",0.01489710807800293,0.19617390632629395,"{'1101000': 13, '1100000': 868, '1100100': 20, '1110011': 1, '0100000': 27, '1000000': 35, '1110000': 27, '1100110': 1, '1100001': 17, '1100010': 9, '0000000': 1, '1001000': 1, '0100100': 1, '1101100': 1, '1110001': 1, '0100001': 1}",2,"{'6': 2, '4': 1, '5,3': 1}",0.013931989669799805,0.08264756202697754,"{'1101000': 12, '1100000': 854, '1000000': 35, '1100010': 16, '1110000': 18, '1110011': 2, '0100000': 39, '1100100': 14, '1100001': 9, '0100001': 2, '0100010': 1, '1110001': 12, '1111001': 4, '1000001': 1, '0101000': 2, '1001000': 1, '1111100': 1, '1111000': 1}",14,"{'3': 12, '4': 5, '0,1': 2, '1,3': 2, '4,5': 2, '1,0': 1, '3,1': 1, '5,4': 1, '3,5': 1, '6': 1}",{'1100000': 1024}
11,6,0.018316030502319336,0.061081647872924805,"{'0001001': 9, '0100001': 11, '0000001': 905, '1000001': 11, '0000000': 41, '0010001': 14, '1000011': 1, '0000101': 17, '0000100': 7, '1000101': 1, '0000011': 4, '0100000': 1, '0001000': 1, '0010000': 1}",2,"{'5,3': 1, '5': 1, '6': 1}",0.018015146255493164,0.07620048522949219,"{'0100001': 20, '0001001': 15, '0000001': 905, '0010001': 13, '0000000': 29, '0100000': 1, '0000101': 12, '1000001': 20, '0000100': 2, '0010000': 2, '0000011': 2, '1000000': 1, '0011001': 2}",2,"{'5,3': 1, '5': 1, '6': 1}",0.012015342712402344,0.0881643295288086,"{'0100001': 16, '0000001': 887, '1000101': 1, '0000011': 10, '1001001': 1, '1000001': 19, '1000011': 1, '0000101': 17, '0001000': 3, '0000000': 40, '1000000': 3, '0001001': 19, '0010001': 7}",2,"{'0': 1, '1,3': 1, '1': 1}",0.01809978485107422,0.12517738342285156,"{'0001001': 10, '0000001': 893, '1100001': 1, '0000101': 12, '1000001': 14, '0000000': 41, '0000011': 24, '0000100': 8, '0000010': 3, '0100001': 7, '0010110': 1, '0100000': 2, '0010001': 5, '0000110': 2, '1001001': 1}",15,"{'1': 13, '0,1': 2, '1,0': 1, '1,2': 1, '6': 1}",{'0000001': 1024}
11,7,0.024542808532714844,0.09581542015075684,"{'0100001': 14, '0001001': 10, '0000001': 917, '0010001': 3, '0000000': 40, '0000011': 10, '0000101': 15, '1000001': 10, '0100101': 1, '0100000': 2, '0001000': 2}",2,"{'1,3': 1, '1': 1}",0.016358613967895508,0.09035825729370117,"{'0001001': 16, '0000001': 899, '0010001': 19, '0000000': 44, '0000101': 8, '1000011': 2, '1000001': 15, '0000011': 7, '0100000': 1, '0100001': 12, '0010000': 1}",2,"{'5,3': 1, '5': 1}",0.014330625534057617,0.10530328750610352,"{'0100001': 10, '0000001': 909, '0100000': 2, '0010001': 9, '0000000': 49, '0000101': 11, '0000011': 14, '1000101': 1, '0001001': 7, '1000001': 5, '0000010': 2, '0001000': 1, '0100011': 3, '0010000': 1}",2,"{'1,3': 1, '1': 1}",0.0220339298248291,0.09452605247497559,"{'0100000': 3, '0000000': 44, '0001001': 17, '0000001': 876, '0100001': 22, '0000011': 22, '0000100': 1, '1000001': 8, '0000111': 1, '0001011': 1, '0100010': 3, '1000011': 1, '0000101': 5, '0000010': 3, '0101011': 1, '0010001': 6, '0010000': 1, '0101001': 7, '0100101': 1, '0010011': 1}",20,"{'1': 18, '0,1': 2, '3,5': 2, '1,0': 1, '5,3': 1, '1,3': 1}",{'0000001': 1024}
12,2,0.019185304641723633,0.08909821510314941,"{'0000100': 1, '0101101': 28, '1110000': 1, '1001110': 2, '0111101': 30, '0001100': 36, '0001110': 1, '0100101': 2, '1001100': 38, '0011101': 28, '0111000': 24, '1001001': 39, '1000001': 2, '1111101': 30, '0001001': 35, '1010101': 4, '0011001': 41, '1101100': 31, '1011010': 1, '1101000': 32, '0001000': 39, '0010101': 1, '1011001': 39, '1111001': 26, '0101001': 36, '0111100': 16, '0001101': 29, '1101101': 24, '0000000': 2, '1111100': 31, '0111110': 1, '0001011': 1, '1001101': 31, '0111001': 29, '1001000': 39, '1011101': 24, '0101000': 29, '1101001': 26, '1010100': 1, '0011000': 37, '1111000': 24, '1011100': 22, '0101110': 1, '0010100': 1, '1011000': 26, '0011100': 23, '0101111': 1, '0110001': 4, '1000000': 2, '0110100': 3, '0101100': 29, '1011110': 2, '0001010': 1, '0100001': 3, '1100000': 2, '1111010': 1, '0110101': 3, '1010000': 2, '1100100': 1, '1011111': 1, '1101011': 1, '1110101': 2, '0000001': 1, '1001111': 1}",3,"{0: 3, 1: 3, 3: 3, 4: 3, 5: 3, 6: 1}",0.017230987548828125,0.08965229988098145,"{'0001100': 30, '0111101': 42, '1011100': 32, '0011000': 33, '0001001': 37, '0010100': 1, '1011000': 28, '0011100': 31, '1001001': 37, '0111000': 33, '0000100': 1, '0101101': 18, '0100100': 1, '0111100': 35, '0001101': 37, '0101000': 37, '1101100': 26, '0111110': 1, '1110001': 1, '1001101': 22, '1111101': 20, '1000001': 1, '0110000': 2, '1001100': 35, '0001000': 27, '0000000': 2, '1111100': 28, '1101001': 26, '0110001': 1, '1111110': 1, '1000000': 1, '0111001': 27, '1001000': 35, '1111000': 40, '0011001': 30, '1101101': 34, '1010000': 2, '1000101': 2, '0110100': 1, '0101100': 33, '1011101': 20, '1101000': 27, '0101001': 42, '1100001': 1, '0011101': 34, '0010101': 1, '1011001': 25, '1111001': 28, '1111011': 1, '0101010': 1, '1001010': 1, '1110100': 1, '0011011': 1, '1111111': 1, '0101110': 1, '0000101': 4, '0001010': 1, '0100001': 1, '1100000': 1, '1010001': 1}",3,"{0: 3, 1: 3, 3: 3, 5: 3, 6: 3, 4: 1}",0.016498088836669922,0.08352422714233398,"{'1101000': 30, '1001011': 1, '0111100': 31, '0001101': 30, '1001000': 37, '0111001': 26, '0011100': 34, '1111000': 29, '0111101': 25, '0001100': 37, '0110000': 2, '1111101': 23, '1010100': 1, '0011000': 37, '1010101': 2, '0011001': 27, '0010100': 2, '1101010': 1, '1011000': 33, '1011100': 26, '0101001': 27, '0001000': 50, '0010101': 4, '1011001': 31, '0000101': 1, '0101110': 2, '0101000': 30, '0111000': 32, '1001001': 34, '1101001': 29, '1110100': 3, '1001010': 1, '1101101': 36, '0000000': 1, '1111100': 26, '0111110': 1, '1001101': 25, '1101100': 29, '1111001': 29, '0011101': 31, '1000101': 1, '0110100': 1, '0101100': 29, '1010000': 2, '1001100': 33, '0000100': 1, '0101101': 26, '1011101': 32, '0001001': 24, '1101111': 1, '0101010': 1, '1111011': 2, '1000100': 1, '1111010': 2, '0110101': 1, '0111111': 2, '0001010': 2, '0100001': 2, '0011010': 1, '1100100': 1, '0111010': 1, '0010000': 1, '1100101': 1}",3,"{0: 3, 2: 3, 4: 3, 5: 3, 6: 3, 3: 1}",0.012291669845581055,0.09264922142028809,"{'0010001': 4, '1101101': 27, '0011101': 34, '1101001': 31, '1001000': 36, '0111001': 33, '1000001': 3, '1111101': 30, '1101100': 22, '0111100': 19, '0001101': 28, '0011000': 30, '0001000': 30, '0101000': 52, '0011100': 25, '1101000': 30, '1111001': 28, '1100100': 3, '0011010': 2, '0101101': 20, '0010100': 1, '1101010': 1, '1011000': 31, '1110000': 1, '0001100': 30, '0111101': 35, '0111000': 37, '1001001': 35, '1111000': 40, '1000101': 1, '0101100': 27, '1111100': 28, '1110001': 1, '0111110': 1, '1001101': 32, '0011001': 32, '0101001': 23, '0001001': 31, '0001110': 2, '1001100': 33, '0010101': 2, '1011001': 34, '1011100': 26, '0110101': 1, '0101011': 1, '0001111': 1, '1110101': 2, '1100000': 1, '0011110': 1, '0001010': 1, '0100001': 2, '1011101': 36, '0010000': 1, '1100101': 1, '1010001': 1, '1010011': 1, '1101111': 1, '0100000': 1, '0110001': 1}",4,"{0: 4, 2: 3, 4: 3, 5: 3, 6: 3, 3: 1}","{'0001101': 26, '0111100': 29, '1011100': 20, '0111001': 24, '1001000': 40, '0001100': 39, '0111101': 30, '0011001': 31, '0001000': 34, '0101000': 35, '0011100': 32, '0011101': 46, '0011000': 44, '0111000': 35, '1001001': 34, '1001101': 30, '1111101': 32, '0101100': 22, '1011001': 26, '1101101': 30, '0101001': 36, '1111000': 36, '1101001': 39, '1111100': 30, '1111001': 34, '1101100': 26, '0101101': 34, '0001001': 31, '1011000': 41, '1101000': 26, '1011101': 28, '1001100': 24}"
12,3,0.02342081069946289,0.07078933715820312,"{'0000000': 38, '0001000': 2, '0100000': 441, '0010000': 1, '0101010': 1, '0000001': 468, '0000100': 1, '0000011': 7, '1000000': 2, '0101000': 5, '0001001': 4, '1000001': 2, '0110000': 7, '0100100': 4, '0100010': 11, '1100000': 6, '0010001': 6, '0100001': 11, '0000010': 2, '0100011': 1, '0000101': 2, '0010011': 1, '0100110': 1}",4,"{'1': 3, '0': 1, '2': 1, '1,3': 1, '3': 1, '5': 1}",0.017240524291992188,0.08887553215026855,"{'0000000': 34, '0100000': 464, '1100000': 7, '0001001': 11, '0000001': 450, '0000101': 7, '0000011': 7, '0110000': 1, '1000001': 11, '0100001': 11, '0100010': 7, '0100100': 2, '0101000': 5, '0000100': 2, '1000000': 1, '1110000': 1, '1100001': 1, '0001000': 1, '0010001': 1}",4,"{'5': 3, '1': 1, '4': 1, '5,3': 1, '3': 1, '6': 1}",0.01709151268005371,0.09631538391113281,"{'0100001': 15, '0101010': 1, '0000001': 454, '0010001': 12, '0000000': 28, '0100000': 453, '0100010': 5, '1000001': 6, '0110000': 7, '1100000': 7, '0000101': 7, '0100100': 5, '0000011': 8, '0001001': 5, '0101000': 4, '1100100': 1, '0000100': 1, '0110001': 2, '0000010': 1, '0100110': 1, '0010000': 1}",4,"{'5': 3, '1': 1, '4': 1, '5,3': 1, '3': 1, '6': 1}",0.017515897750854492,0.10129785537719727,"{'0001000': 6, '0000000': 57, '0101000': 9, '0100000': 425, '0001001': 13, '0000001': 424, '1000001': 7, '0000011': 10, '0100001': 20, '0001011': 1, '0100010': 11, '0000010': 1, '0100100': 9, '0000101': 5, '1100000': 8, '1000000': 2, '0010001': 8, '0101001': 4, '1100100': 1, '0010000': 1, '0000100': 1, '0111000': 1}",6,"{'0': 4, '0,1': 2, '3': 2, '3,5': 2, '1,0': 1, '4': 1, '5,3': 1, '1,3': 1, '6': 1}","{'0100000': 523, '0000001': 501}"
12,4,0.024039506912231445,0.06206250190734863,"{'1000001': 449, '1000000': 468, '0010101': 1, '1100000': 9, '1010000': 7, '1000011': 8, '0000001': 18, '0000000': 14, '1010001': 15, '1100001': 10, '1000010': 5, '1001001': 5, '1110001': 1, '1001000': 3, '1000100': 5, '1000101': 6}",4,"{'5': 3, '4': 2, '5,3': 1, '3': 1, '6': 1}",0.01928997039794922,0.08671689033508301,"{'1000001': 428, '1000000': 469, '0000101': 2, '1000011': 13, '1010000': 12, '1000100': 7, '0100001': 1, '1000010': 9, '1001011': 1, '0000001': 23, '0000000': 15, '1100000': 9, '1010001': 11, '0000011': 1, '1000101': 4, '1001000': 5, '1100001': 5, '1110001': 1, '0010001': 1, '1001001': 6, '1101000': 1}",4,"{'5': 3, '4': 2, '5,3': 1, '3': 1, '6': 1}",0.019612789154052734,0.25800037384033203,"{'1000000': 460, '1000001': 452, '1101001': 1, '1100001': 10, '1010000': 12, '0000000': 16, '0000001': 15, '1000101': 6, '1001001': 5, '0000100': 1, '1000010': 7, '1100000': 9, '1010001': 9, '1000011': 8, '1001011': 1, '1000100': 6, '0011000': 2, '1001000': 4}",5,"{'5': 4, '4': 2, '5,3': 1, '3': 1, '6': 1}",0.020052433013916016,0.09433603286743164,"{'0000010': 1, '1000100': 7, '1000001': 433, '1000000': 458, '0000001': 12, '1000010': 7, '1010001': 10, '0000000': 23, '1010000': 10, '1011001': 3, '1000101': 7, '1010011': 4, '1011000': 2, '1100000': 8, '1001000': 18, '1001001': 5, '0000101': 1, '1000011': 7, '1100001': 4, '0100000': 1, '0011001': 1, '1010010': 1, '0100001': 1}",6,"{'6': 5, '1': 4, '0,1': 2, '4,5': 2, '3,5': 2, '0': 1, '1,0': 1, '5': 1, '5,4': 1, '5,3': 1, '1,3': 1, '3': 1}","{'1000001': 505, '1000000': 519}"
12,5,0.015397787094116211,0.06247663497924805,"{'0100000': 129, '0000000': 135, '0000001': 117, '0100001': 116, '1100001': 126, '1001001': 6, '1100000': 96, '1000000': 125, '0110001': 2, '1100010': 5, '0110000': 1, '1000001': 111, '0010001': 2, '1100101': 1, '1100011': 2, '0000011': 3, '1000101': 3, '1000100': 3, '0000010': 3, '0010000': 4, '0101000': 3, '0100100': 2, '0100101': 3, '0000101': 2, '0001000': 5, '1010000': 4, '0001001': 2, '1000010': 2, '0000100': 1, '1110001': 1, '1001000': 1, '1101001': 1, '0101001': 1, '1010001': 2, '1101000': 3, '1110000': 1}",3,"{3: 3, 4: 3, 5: 3}",0.014734268188476562,0.07827949523925781,"{'0000001': 124, '0100001': 133, '1000001': 116, '0000000': 131, '0100000': 109, '1100001': 115, '1100000': 123, '1000000': 124, '0000011': 2, '1000101': 2, '0001000': 3, '1001000': 4, '0010000': 3, '0100101': 2, '0100011': 2, '0001001': 4, '1101001': 2, '1000010': 1, '0000100': 2, '1100011': 1, '1101000': 1, '0100010': 2, '1110001': 1, '0101000': 5, '0000010': 2, '1000100': 1, '1010000': 2, '0000101': 1, '1000011': 3, '1010001': 1, '1100100': 1, '1001001': 1}",3,"{1: 3, 2: 3, 3: 3}",0.014381885528564453,0.08493781089782715,"{'0100000': 138, '0000000': 112, '0110110': 1, '0000001': 123, '0100001': 117, '0110000': 1, '1000001': 99, '0110001': 1, '1000000': 128, '1100001': 135, '1100000': 124, '0101001': 3, '0000011': 4, '1000101': 2, '0100101': 2, '1001000': 3, '1001001': 2, '0010000': 2, '0001000': 3, '0000010': 3, '1000100': 1, '1010000': 2, '1010001': 2, '1100010': 3, '1000010': 1, '0000100': 1, '0100010': 4, '1100100': 1, '0000101': 2, '1101000': 1, '1100011': 1, '0001101': 1, '0010001': 1}",3,"{0: 3, 5: 3, 6: 3}",0.011815786361694336,0.0947265625,"{'1100000': 113, '0100001': 119, '1100100': 4, '0100000': 120, '0000000': 124, '0110001': 1, '1000000': 123, '1100001': 114, '0110000': 1, '1000001': 130, '1100011': 2, '0101001': 3, '0000001': 123, '1000010': 4, '0000100': 2, '1001001': 5, '0101000': 3, '1000100': 2, '0000010': 3, '0100100': 2, '1001000': 3, '0100011': 3, '1101001': 2, '1010000': 3, '0000011': 3, '1000101': 1, '0100010': 1, '0010001': 1, '0001000': 2, '0000101': 1, '1001100': 1, '0100101': 3, '0001001': 1, '1100101': 1}",19,"{0: 19, 5: 3, 6: 3}","{'0100000': 112, '0000000': 133, '1100000': 134, '1000001': 116, '1000000': 123, '1100001': 134, '0000001': 151, '0100001': 121}"
12,6,0.020705461502075195,0.06384563446044922,"{'1000000': 466, '1000011': 4, '1001001': 8, '1000001': 434, '0000000': 30, '0000001': 40, '1100000': 7, '0000011': 1, '1000101': 7, '1010001': 2, '0100000': 1, '1001000': 6, '1000100': 2, '0010000': 1, '1000010': 4, '0001001': 2, '1010000': 3, '1100001': 4, '0001000': 1, '1001101': 1}",4,"{'1': 3, '2': 2, '1,3': 1}",0.023435115814208984,0.0893106460571289,"{'1000001': 438, '1000000': 491, '1000101': 8, '0000000': 20, '1100001': 2, '1010000': 14, '1000010': 6, '0000001': 21, '1000011': 2, '1001000': 7, '0001000': 2, '1001001': 7, '1010001': 2, '1000100': 2, '1011001': 1, '1100000': 1}",4,"{'1': 3, '0': 2, '1,3': 1}",0.017331600189208984,0.08863663673400879,"{'1000000': 471, '1000001': 450, '1100000': 9, '1000011': 5, '1100001': 11, '0000001': 20, '0000010': 1, '1000100': 7, '0000000': 18, '1000010': 6, '1001001': 9, '1001000': 9, '1010000': 3, '1000101': 2, '1011000': 1, '1010001': 1, '1110000': 1}",5,"{'1': 4, '0': 2, '1,3': 1}",0.018090248107910156,0.09414958953857422,"{'1001010': 1, '1000001': 473, '1001000': 13, '1000000': 436, '1001101': 2, '1100000': 8, '1000010': 13, '1000110': 1, '0000000': 21, '1001001': 6, '1000111': 1, '0000001': 22, '0000011': 1, '1000101': 4, '1000011': 7, '1010000': 4, '1100001': 4, '1001011': 1, '0010000': 1, '1010001': 1, '1000100': 4}",8,"{'1': 6, '6': 5, '0,1': 2, '0': 1, '1,0': 1, '1,3': 1}","{'1000000': 524, '1000001': 500}"
12,7,0.02416515350341797,0.06994318962097168,"{'1000001': 9, '0011000': 1, '0010000': 6, '0000001': 479, '0000000': 459, '0001000': 16, '0000010': 6, '1000000': 7, '0100000': 5, '0100001': 3, '0000011': 5, '0010001': 12, '0000100': 4, '1000010': 1, '0000101': 2, '0101000': 1, '0001100': 1, '0001001': 5, '1001000': 1, '0011001': 1}",3,{5: 3},0.01572394371032715,0.08717870712280273,"{'0010000': 9, '0100001': 8, '0000001': 439, '0010001': 6, '0100000': 10, '0000000': 506, '1000001': 11, '0000100': 6, '0000011': 7, '1000101': 1, '0000101': 8, '0000010': 8, '0001001': 2, '0001000': 1, '1000000': 2}",3,{5: 3},0.013371706008911133,0.08820176124572754,"{'0100001': 4, '0001001': 5, '0000001': 456, '0100000': 11, '0001000': 7, '0000000': 479, '1000000': 10, '0000101': 13, '0010000': 4, '0000010': 11, '1000001': 7, '0000100': 4, '0000011': 7, '0010001': 5, '0001100': 1}",3,{0: 3},0.012322425842285156,0.09188437461853027,"{'0000001': 472, '0001000': 5, '0010001': 6, '0000000': 477, '0000011': 8, '0100101': 1, '0000101': 6, '0000010': 5, '0100001': 5, '0100000': 7, '1000001': 10, '0000100': 5, '1000000': 5, '0010000': 3, '0001001': 8, '0011000': 1}",17,{0: 17},"{'0000001': 510, '0000000': 514}"
13,2,0.019295454025268555,0.06235074996948242,"{'1111000': 64, '0001100': 1, '1110000': 62, '0101100': 1, '0110100': 57, '0100100': 1, '0111100': 46, '0000000': 4, '1111100': 63, '1010100': 57, '0011000': 65, '0010000': 73, '1110100': 51, '1010000': 67, '0110000': 69, '0011100': 59, '1011100': 49, '0010100': 52, '1011000': 55, '0111000': 71, '1101100': 1, '0010110': 2, '1110001': 4, '0101000': 5, '1000100': 1, '1111010': 1, '0110101': 2, '0010001': 2, '1011001': 2, '0010101': 3, '1011110': 1, '0000100': 3, '0101001': 1, '0001000': 2, '0011001': 2, '1010101': 1, '1001000': 1, '1111110': 1, '0110001': 1, '1000000': 2, '0110010': 1, '0110110': 1, '0010010': 1, '0011110': 2, '1100000': 3, '1011101': 1, '1100100': 2, '1001100': 1, '1110110': 1, '0011101': 1, '0111010': 1, '1010001': 1, '0100000': 1, '1101000': 2}",3,"{1: 3, 2: 3, 3: 3, 4: 3, 6: 1}",0.01600027084350586,0.08285760879516602,"{'0101100': 3, '0110100': 60, '0011100': 62, '1010100': 52, '0011000': 53, '0111100': 61, '0000000': 5, '1111100': 51, '1110100': 54, '0010100': 58, '1011000': 68, '1011100': 49, '1111000': 56, '0010001': 1, '1111101': 1, '1000001': 1, '0110000': 67, '0010000': 78, '1010000': 59, '0111000': 55, '0111101': 1, '0001100': 4, '1110000': 56, '0110010': 1, '1001100': 3, '1001000': 3, '0100000': 8, '1000000': 2, '0110001': 1, '0001000': 3, '0011110': 2, '1100000': 4, '0000100': 5, '1101100': 4, '0010110': 3, '1101000': 6, '0011010': 1, '1100100': 2, '1010101': 1, '0011001': 2, '1110001': 4, '1110010': 2, '1010010': 1, '0101000': 3, '1000100': 2, '0110101': 2, '1111010': 1, '1010110': 1, '0101010': 1, '1010001': 1}",3,"{0: 3, 3: 3, 4: 3, 5: 3, 2: 1}",0.01201319694519043,0.081024169921875,"{'0010100': 59, '1011000': 55, '0111000': 72, '0011100': 49, '1010100': 55, '0011000': 81, '0010000': 68, '0111101': 2, '0001100': 1, '1110000': 54, '1011100': 46, '0000000': 3, '1111100': 56, '1111000': 52, '0100100': 2, '0111100': 58, '0111001': 1, '1001000': 2, '0001000': 8, '0101100': 3, '0110100': 71, '1111101': 1, '0110000': 66, '1100000': 1, '1110100': 54, '1010000': 60, '1000100': 2, '1111001': 2, '0101000': 3, '1011001': 1, '0010101': 1, '0110001': 1, '1000000': 2, '1101000': 1, '1011010': 4, '0010010': 3, '1100010': 1, '0011001': 1, '1010101': 1, '1110110': 3, '1001100': 1, '1010010': 1, '1100100': 1, '0011101': 3, '1011101': 1, '1101100': 1, '0111110': 1, '1110001': 2, '1010110': 1, '0100000': 2, '0110110': 2, '1011110': 1, '1010001': 1}",3,"{2: 3, 3: 3, 5: 3, 6: 3, 4: 1}",0.007999658584594727,0.0800166130065918,"{'0011100': 66, '1010100': 70, '0011000': 61, '0010000': 67, '0100100': 3, '0111100': 48, '0110000': 50, '1110100': 55, '0101100': 1, '0110100': 52, '1111000': 59, '1011100': 59, '1011000': 64, '0010100': 58, '1001110': 1, '1110000': 66, '1010101': 1, '0011001': 1, '0110010': 1, '1010000': 76, '0111000': 67, '1110010': 1, '1011110': 4, '1111100': 58, '0000000': 2, '0011101': 2, '0100000': 2, '1000000': 2, '0101000': 3, '1010010': 2, '0010001': 1, '1100100': 3, '1001000': 4, '0100110': 1, '1110110': 1, '1001100': 1, '0110110': 3, '1111010': 1, '0110101': 1, '0011110': 1, '1011101': 1, '1101000': 2, '0000100': 1, '0010010': 1}",6,"{0: 6, 2: 3, 3: 3, 5: 3, 6: 3, 4: 1}","{'0110100': 55, '1110000': 62, '0110000': 62, '0010000': 54, '0010100': 67, '1011000': 59, '0011100': 62, '0111100': 73, '1011100': 70, '0011000': 62, '1010100': 70, '1110100': 70, '1111100': 75, '0111000': 57, '1111000': 66, '1010000': 60}"
13,3,0.028000354766845703,0.0705878734588623,"{'1001000': 3, '0111001': 226, '0101000': 13, '0001000': 234, '0101001': 203, '0011000': 227, '0001001': 12, '0111000': 13, '0101011': 2, '0000000': 9, '0011001': 12, '0010001': 2, '0111101': 3, '0001100': 7, '0101101': 4, '0010000': 8, '0111011': 4, '0100001': 9, '0001010': 4, '1101001': 4, '1000000': 2, '0110001': 15, '0011010': 2, '1011000': 2, '1101000': 1, '0111100': 1, '0000001': 1, '0011100': 1}",5,"{'5': 4, '4': 3, '3': 2, '1': 1, '5,3': 1, '6': 1}",0.023026466369628906,0.08101868629455566,"{'0101001': 215, '0011000': 215, '1001000': 4, '0111001': 232, '0011010': 5, '0101000': 24, '0000000': 5, '0001000': 226, '1011000': 8, '0111011': 5, '0001100': 1, '0111101': 1, '0011001': 14, '1001001': 1, '0111000': 10, '0001001': 16, '0101010': 2, '0000001': 1, '1111001': 1, '1101001': 1, '0101011': 6, '1000000': 1, '0110001': 6, '0001010': 3, '0100001': 8, '0010000': 5, '0011100': 2, '1101000': 1, '0110000': 1, '0101101': 3, '0011110': 1}",5,"{'1': 4, '2': 3, '3': 2, '0': 1, '1,3': 1, '5': 1}",0.02073812484741211,0.08604979515075684,"{'0001010': 1, '0100001': 18, '0101001': 201, '0011000': 215, '1001000': 2, '0111001': 220, '0110001': 20, '0001000': 224, '0101100': 2, '0111101': 2, '0001100': 7, '0101000': 15, '0001001': 14, '0111000': 13, '0000000': 19, '0011001': 9, '1011000': 6, '0010100': 1, '0010000': 14, '0011100': 4, '1111000': 1, '0110000': 1, '0100000': 3, '0111011': 4, '1111001': 2, '0000001': 1, '0000100': 1, '0110101': 1, '0101011': 1, '0011010': 2}",6,"{'1': 5, '0': 3, '3': 2, '2': 1, '1,3': 1, '5': 1}",0.016000032424926758,0.08763790130615234,"{'0001001': 14, '0010000': 14, '0001010': 2, '0100001': 10, '0011000': 224, '0101001': 198, '0110001': 8, '1001000': 4, '0111001': 216, '0001000': 223, '0011001': 13, '1111001': 4, '0011100': 6, '0111011': 7, '0111000': 18, '1101101': 2, '0010001': 3, '0011010': 5, '0110000': 3, '1101001': 2, '0000000': 8, '0101011': 7, '0011011': 1, '0101000': 15, '1110000': 1, '0001100': 2, '0111101': 2, '0100000': 2, '0110011': 1, '0101101': 6, '1101000': 1, '0010100': 1, '1011000': 1}",8,"{'3': 6, '1': 5, '0': 3, '4': 3, '0,1': 2, '3,5': 2, '1,0': 1, '5,3': 1, '1,3': 1, '6': 1}","{'0001000': 240, '0111001': 269, '0011000': 243, '0101001': 272}"
13,4,0.016000986099243164,0.14797353744506836,"{'0110111': 1, '0000000': 11, '0100000': 257, '0110001': 217, '0010000': 16, '0000001': 9, '0100001': 227, '0110000': 221, '0100011': 4, '1110000': 6, '0010001': 8, '1110001': 4, '0100010': 3, '0010011': 1, '0100111': 1, '0010101': 1, '0110010': 4, '0110011': 5, '0110101': 2, '0100100': 4, '0100101': 5, '1100000': 3, '1100001': 2, '0111001': 1, '0110100': 5, '0101001': 3, '0111000': 1, '0101000': 2}",3,"{'5': 3, '6': 3, '4': 1, '3,5': 1}",0.012000083923339844,0.07606339454650879,"{'0000000': 14, '0100000': 249, '0100001': 241, '0110000': 244, '0100010': 1, '1110001': 7, '0110001': 204, '1110000': 2, '0100011': 1, '1100000': 1, '0010000': 10, '0000001': 10, '1100001': 2, '0111001': 2, '0100101': 7, '0010001': 10, '0110100': 1, '0111000': 1, '0000100': 1, '0110011': 4, '0110010': 5, '0100100': 3, '0101000': 2, '0011000': 1, '0000010': 1}",3,"{'1': 3, '2': 3, '0': 1, '3,1': 1}",0.015999555587768555,0.07365584373474121,"{'0100000': 218, '0000000': 17, '0110000': 234, '0110001': 218, '1110001': 2, '0100010': 7, '0110011': 5, '0010000': 18, '0100001': 231, '0100101': 2, '1110000': 3, '0100011': 2, '0110101': 2, '0010001': 22, '1100000': 5, '0000001': 20, '1100101': 1, '0111000': 2, '1100001': 5, '0100100': 5, '0110100': 1, '0101001': 2, '0010101': 1, '0110010': 1}",3,"{'0': 3, '1': 3, '2': 1, '3,1': 1}",0.01600050926208496,0.0800013542175293,"{'0110000': 249, '1000001': 2, '0110001': 203, '0010001': 12, '0100000': 244, '0100001': 222, '0010000': 12, '0000001': 13, '0110011': 2, '0111001': 3, '1100000': 4, '0100110': 1, '0100101': 4, '0000000': 10, '0110100': 4, '0000011': 1, '1110001': 3, '0100010': 5, '1010001': 2, '0100011': 2, '1110000': 3, '0101001': 5, '0101000': 2, '0110010': 1, '1100001': 6, '0110101': 4, '0010011': 1, '0100100': 2, '0111000': 2}",6,"{'0': 6, '4': 3, '5,6': 2, '5': 1, '6,5': 1, '5,4': 1}","{'0100001': 242, '0100000': 268, '0110000': 257, '0110001': 257}"
13,5,0.012026071548461914,0.056038856506347656,"{'0101000': 10, '0000000': 23, '0100000': 899, '0110000': 14, '0100001': 8, '1100000': 21, '1000000': 5, '0100010': 22, '0100100': 13, '0100011': 1, '0000010': 3, '0110100': 1, '0010000': 1, '0000100': 1, '0001000': 1, '0000001': 1}",1,"{'4': 1, '5': 1, '3,5': 1}",0.016000032424926758,0.10000038146972656,"{'0101000': 13, '0000000': 51, '0100000': 887, '1100000': 17, '0011000': 1, '0110000': 16, '0101100': 1, '0100010': 12, '0000100': 2, '0100100': 16, '0100001': 3, '1100100': 1, '0001000': 2, '1100001': 1, '1000000': 1}",1,"{'4': 1, '5': 1, '3,5': 1}",0.011999845504760742,0.0780031681060791,"{'0101000': 14, '0000000': 36, '0100000': 898, '0100010': 12, '0100001': 22, '1100000': 16, '0100100': 14, '0100101': 1, '0000100': 2, '0110000': 4, '1000000': 2, '0001000': 2, '0000001': 1}",1,"{'0': 1, '5': 1, '6,5': 1}",0.010366439819335938,0.07787871360778809,"{'0101000': 12, '0000000': 41, '0100000': 901, '0100010': 18, '0100100': 13, '1100000': 16, '0100001': 15, '0110000': 5, '0100101': 1, '0010001': 1, '0000001': 1}",9,"{'0': 9, '5': 1, '6,5': 1}",{'0100000': 1024}
13,6,0.011990547180175781,0.05089402198791504,"{'0100001': 8, '0001001': 14, '0000001': 916, '1000001': 12, '0000011': 7, '0010001': 15, '0000000': 29, '0001101': 1, '1000000': 1, '1010001': 3, '0000101': 15, '0010101': 1, '0100000': 1, '0000010': 1}",2,"{'6': 2, '5,3': 1}",0.01199960708618164,0.06999826431274414,"{'0001001': 12, '0100001': 19, '0000001': 900, '0010001': 13, '0000000': 35, '0000101': 17, '1000001': 17, '0000011': 5, '1000100': 1, '1001001': 2, '1000000': 1, '1100000': 1, '0100101': 1}",2,"{'6': 2, '5,3': 1}",0.011999845504760742,0.07199978828430176,"{'0001001': 2, '0100001': 13, '0000001': 903, '1000001': 13, '0000000': 36, '1010001': 3, '0000101': 18, '1000101': 1, '0000011': 14, '0010001': 15, '0000100': 1, '0100000': 1, '0001000': 1, '0001101': 1, '0010101': 1, '0010000': 1}",2,"{'0': 2, '1,3': 1}",0.015999794006347656,0.07200002670288086,"{'0100000': 1, '0010001': 14, '0000000': 30, '0100001': 5, '0001001': 13, '0000001': 925, '0000101': 15, '0000011': 11, '0000111': 1, '1000001': 7, '0010000': 1, '0011001': 1}",10,"{'0': 10, '4,5': 2, '5,4': 1, '6,5': 1}",{'0000001': 1024}
13,7,0.015991926193237305,0.04799962043762207,"{'1001001': 17, '1000001': 875, '1000000': 46, '0000001': 28, '1100001': 12, '1010000': 1, '0000011': 1, '1000101': 13, '1010001': 9, '0000000': 2, '1000011': 12, '0100001': 2, '0000100': 1, '1000010': 1, '0100000': 1, '1100011': 1, '1001000': 1, '0000010': 1}",3,"{'1': 2, '1,3': 1}",0.011999845504760742,0.06800055503845215,"{'1001001': 19, '1000001': 886, '0000000': 5, '0000001': 35, '1100001': 10, '1000000': 43, '1000010': 1, '1010001': 9, '1000011': 6, '1000101': 7, '0100001': 1, '1000100': 1, '1100000': 1}",3,"{'5': 2, '5,3': 1}",0.011999368667602539,0.0690009593963623,"{'0000011': 1, '1000101': 11, '1001001': 12, '1000001': 878, '0000001': 41, '1010001': 13, '1000000': 43, '0000000': 3, '1000011': 7, '0000101': 2, '1100001': 7, '1100000': 1, '1000010': 1, '0001001': 1, '0100001': 1, '1000100': 1, '0010001': 1}",3,"{'5': 2, '5,3': 1}",0.012001514434814453,0.07199978828430176,"{'1000111': 1, '0000001': 45, '1001001': 24, '1000001': 822, '1000000': 33, '0000000': 31, '1000011': 15, '1000100': 1, '0000010': 8, '1010001': 11, '1100001': 8, '1010101': 1, '0000011': 1, '1000101': 8, '0001000': 8, '1001000': 3, '1001101': 1, '0001100': 1, '0010000': 1, '1100000': 1}",12,"{'0': 10, '0,1': 2, '1,3': 2, '5,6': 2, '1,0': 1, '3,1': 1, '6,5': 1, '3,5': 1}",{'1000001': 1024}
14,2,0.021166324615478516,0.05077958106994629,"{'0111110': 2, '1001101': 94, '1000101': 3, '0110100': 5, '0101100': 127, '0111101': 6, '0001100': 7, '0001111': 2, '0100100': 2, '0111100': 98, '0001101': 127, '1101100': 134, '1011101': 106, '0011101': 106, '1101101': 8, '1011000': 1, '0111000': 5, '1001001': 3, '1111100': 109, '1011100': 7, '1001100': 5, '0101000': 4, '1010101': 1, '0011001': 4, '1111000': 4, '1110100': 3, '1011001': 2, '0010101': 7, '0011100': 7, '0000100': 1, '0101101': 2, '0101110': 2, '0000101': 2, '1101000': 10, '0001001': 4, '0110110': 1, '1111101': 4, '0011000': 2, '1100100': 3, '1101001': 1, '1000100': 1, '1011111': 1, '0011111': 1}",4,"{'0': 3, '1': 3, '5': 3, '4': 2, '3': 2, '6': 2, '5,3': 1}",0.016004562377929688,0.06396198272705078,"{'1110101': 2, '0001111': 2, '0100100': 3, '0111100': 89, '0001101': 125, '1111000': 8, '0110100': 4, '1000101': 5, '0101100': 128, '0011101': 107, '0111110': 1, '1001101': 103, '1011101': 113, '1101100': 115, '1111100': 99, '1101101': 3, '1110000': 1, '0001100': 9, '0111101': 4, '1011001': 5, '0010101': 3, '1011110': 1, '0001110': 1, '1001100': 7, '0011100': 11, '1101000': 6, '1001001': 2, '0111000': 5, '1011100': 8, '0011111': 1, '1000001': 2, '1111101': 3, '0011110': 1, '0001001': 6, '1001111': 1, '0101110': 2, '0000101': 6, '1011111': 2, '0101101': 4, '1111110': 4, '1100100': 7, '1110100': 3, '0011001': 4, '1010101': 3, '0101000': 3, '1101110': 1, '1010001': 1}",4,"{'1': 3, '2': 3, '5': 3, '4': 2, '3': 2, '6': 2, '5,3': 1}",0.015999794006347656,0.06902003288269043,"{'1111100': 88, '0100100': 5, '0111100': 102, '0001101': 129, '0111110': 1, '1001101': 119, '1011101': 89, '0011101': 113, '1111000': 5, '0111101': 5, '0001100': 11, '1001100': 7, '1101100': 110, '0111001': 2, '0101110': 1, '0000101': 3, '0101000': 4, '1011001': 6, '0010101': 8, '0110100': 9, '1000101': 9, '0101100': 107, '1110100': 10, '1001111': 1, '0111111': 1, '1101101': 3, '0011001': 6, '1010101': 7, '0110101': 2, '0011100': 16, '1000001': 1, '1111101': 3, '0000001': 1, '1001001': 3, '0111000': 3, '1101000': 4, '1100100': 7, '0001111': 1, '1101110': 1, '0101101': 6, '1011100': 8, '0011011': 1, '1010100': 1, '0001001': 3, '1011110': 1, '1100101': 1}",4,"{'1': 3, '5': 3, '6': 3, '0': 2, '2': 2, '3': 2, '1,3': 1}",0.012000083923339844,0.06800150871276855,"{'0011101': 97, '0100100': 10, '0001101': 102, '0111100': 100, '1101000': 12, '0101000': 9, '1011101': 94, '0111110': 4, '1001101': 98, '1101100': 109, '0110100': 8, '1000101': 7, '0101100': 97, '0110111': 1, '1111100': 98, '1011111': 3, '1101010': 1, '0010100': 2, '1011000': 4, '0000100': 3, '0101101': 4, '0011001': 7, '1010101': 9, '1011100': 9, '0011100': 14, '1110101': 2, '0111010': 1, '0001111': 7, '1001110': 1, '0111101': 4, '0001100': 14, '1100100': 6, '1101101': 4, '1010100': 4, '0011000': 2, '0010101': 3, '1011001': 2, '0110101': 2, '1000100': 1, '1111010': 1, '1110100': 6, '1100101': 2, '1100000': 1, '0001001': 7, '1111000': 7, '0001110': 1, '0100101': 1, '1001100': 5, '1101110': 3, '1111101': 6, '0110000': 1, '0000101': 4, '0101110': 4, '1001001': 5, '0111000': 6, '0011111': 3, '1101111': 1, '0101001': 1, '0001000': 1, '1111110': 1, '1001111': 1, '1010001': 1}",12,"{'3': 10, '2': 5, '0': 3, '4': 3, '6': 3, '0,1': 2, '3,5': 2, '1,0': 1, '5,3': 1, '1,3': 1}","{'1101100': 107, '0111100': 140, '0001101': 150, '1001101': 126, '1111100': 121, '0101100': 146, '1011101': 124, '0011101': 110}"
